Molecule ChEMBL ID,Standard Value,Calculated pChEMBL,index,Smiles
CHEMBL1085949,13000.0,4.89,443,Cl.N=C(NCCCNCCCCCCCNCCCNC(=N)NC(=N)NCCC(c1ccccc1)c1ccccc1)NC(=N)NCCC(c1ccccc1)c1ccccc1
CHEMBL1086216,15600.0,4.81,666,CC(C)C[C@H](NC(=O)[C@H](CCC(N)=O)NC(=O)[C@H](CCCCN)NC(=O)[C@H](CCCNC(=N)N)NC(=O)[C@@H]1CCCN1C(=O)[C@H](C)NC(=O)[C@H](CCCCN)NC(=O)CNC(=O)CNC(=O)[C@@H](NC(=O)[C@H](CO)NC(=O)[C@H](CCCCN)NC(=O)[C@H](CCCNC(=N)N)NC(=O)[C@H](C)NC(=O)[C@@H](NC(=O)[C@H](CCC(N)=O)NC(=O)[C@H](CCCCN1CC1)NC(=O)[C@@H](NC(=O)[C@H](CCCNC(=N)N)NC(=O)[C@H](C)N)[C@@H](C)O)[C@@H](C)O)[C@@H](C)O)C(=O)N[C@@H](C)C(=O)O
CHEMBL1086217,10447.5,4.98,714,C#CCNCCCC[C@H](NC(=O)[C@@H](NC(=O)[C@H](CCCNC(=N)N)NC(=O)[C@H](C)N)[C@@H](C)O)C(=O)N[C@@H](CCC(N)=O)C(=O)N[C@H](C(=O)N[C@@H](C)C(=O)N[C@@H](CCCNC(=N)N)C(=O)N[C@@H](CCCCN)C(=O)N[C@@H](CO)C(=O)N[C@H](C(=O)NCC(=O)NCC(=O)N[C@@H](CCCCN)C(=O)N[C@@H](C)C(=O)N1CCC[C@H]1C(=O)N[C@@H](CCCNC(=N)N)C(=O)N[C@@H](CCCCN)C(=O)N[C@@H](CCC(N)=O)C(=O)N[C@@H](CC(C)C)C(=O)N[C@@H](C)C(=O)O)[C@@H](C)O)[C@@H](C)O
CHEMBL1089,13733.333333333334,4.86,560,NNCCc1ccccc1
CHEMBL1179,27484.545454545456,4.56,735,N[C@@H]1C[C@H]1c1ccccc1
CHEMBL1192435,882.3,6.05,1675,Cc1cc(NN)n2nc(SCc3ccccc3)nc2n1
CHEMBL1196431,500.0,6.3,406,CCNCCCCNCCCCNCCCCNCCCCNC/C=C\CNCCCCNCCCCNCCCCNCCCCNCC
CHEMBL1198896,500.0,6.3,1114,C/N=C(\NC)NCCCNCCCNCCCN/C(=N/C)NC
CHEMBL1215658,2316.6666666666665,5.64,1198,N[C@@H]1C[C@H]1c1ccc(OCC[C@H](NC(=O)c2ccccc2)C(=O)NCc2ccccc2)cc1
CHEMBL1232432,243.0,6.61,1306,COc1cc2nc(NCCCN(C)C)nc(NC3CCN(Cc4ccccc4)CC3)c2cc1OC
CHEMBL1255743,25400.0,4.6,437,Cl.N[C@@H]1C[C@H]1c1ccccc1
CHEMBL140,9600.0,5.02,2485,COc1cc(/C=C/C(=O)CC(=O)/C=C/c2ccc(O)c(OC)c2)ccc1O
CHEMBL1581095,25660.0,4.59,3,CCCn1c(SCc2ccc(Cl)cc2)nc2c1c(=O)[nH]c(=O)n2C
CHEMBL1594810,437000.0,3.36,1560,CC(=O)c1csc(Nc2ccccc2Cl)n1
CHEMBL1607608,40000.0,4.4,768,COc1cc(NS(=O)(=O)c2ccccc2)ccc1-n1nc(C)cc1C
CHEMBL16171,8870.0,5.05,1659,COc1c(O)cc(O)c2c(=O)cc(-c3ccccc3)oc12
CHEMBL165,10200.0,4.99,1341,Oc1ccc(/C=C/c2cc(O)cc(O)c2)cc1
CHEMBL1795972,41800.0,4.38,1501,COc1ccc([C@@H]2C[C@H]2N)cc1.Cl
CHEMBL1795973,79600.0,4.1,1461,Cl.N[C@@H]1C[C@H]1c1ccc(F)cc1
CHEMBL1795974,3700.0,5.43,1307,Cl.N[C@@H]1C[C@H]1c1ccc(Br)cc1
CHEMBL1795975,8900.0,5.05,531,Cl.N[C@@H]1C[C@H]1c1cccc(Br)c1
CHEMBL1795976,11700.0,4.93,1309,Cl.N[C@@H]1C[C@H]1c1ccccc1Br
CHEMBL1795977,8000.0,5.1,1412,NC1CC1c1cccc2ccccc12
CHEMBL1795978,6000.0,5.22,921,O=C(CNC1CC1c1ccccc1)NC1CC1
CHEMBL1795979,2000.0,5.7,1216,NC1CC1c1cccc(OCCC[C@H](NC(=O)c2ccccc2)C(=O)NCc2ccccc2)c1
CHEMBL1795980,1052.5,5.98,519,NC1CC1c1cc(F)cc(F)c1OCc1ccccc1
CHEMBL1795981,1633.3333333333333,5.79,10,NC1CC1c1ccc(NC(=O)OCc2ccccc2)cc1
CHEMBL1795982,6800.0,5.17,834,Cl.N[C@@H]1C[C@H]1c1ccc(-c2ccccc2)cc1
CHEMBL1797639,3155.5555555555557,5.5,567,NC1CC1c1cccc(OCC[C@H](NC(=O)c2ccccc2)C(=O)NCc2ccccc2)c1
CHEMBL1797640,1050.0,5.98,965,NC1CC1c1ccc(NC(=O)c2ccccc2)cc1
CHEMBL1797641,1425.0,5.85,533,NC1CC1c1ccc(NC(=O)C(Cc2ccccc2)NC(=O)OCc2ccccc2)cc1
CHEMBL1797642,8950.0,5.05,759,NC1CC1c1c(F)c(F)c(F)c(F)c1F
CHEMBL1797643,9000.0,5.05,162,NC1CC1c1cccc(F)c1OCc1ccccc1
CHEMBL1797644,9000.0,5.05,534,CC(C)COc1ccc(Cl)cc1C1CC1N
CHEMBL1797645,1500.0,5.82,2313,CCc1cccc(COc2c(F)cc(F)cc2C2CC2N)c1
CHEMBL1797646,1800.0,5.74,979,CC(C)C[C@H](NC(=O)[C@H](CCC(N)=O)NC(=O)[C@H](CCCCN)NC(=O)[C@H](CCCNC(=N)N)NC(=O)[C@@H]1CCCN1C(=O)[C@H](C)NC(=O)[C@H](CCCCN)NC(=O)CNC(=O)CNC(=O)[C@@H](NC(=O)[C@H](CO)NC(=O)[C@H](CCCCN)NC(=O)[C@H](CCCNC(=N)N)NC(=O)[C@H](C)NC(=O)[C@@H](NC(=O)[C@H](CCC(N)=O)NC(=O)[C@H](CCCCN)NC(=O)[C@@H](NC(=O)[C@H](CCCNC(=N)N)NC(=O)[C@H](C)N)[C@@H](C)O)[C@@H](C)O)[C@@H](C)O)C(=O)N[C@@H](C)C(=O)O
CHEMBL1797647,43.333333333333336,7.36,1286,CSCC[C@H](NC(=O)[C@@H](NC(=O)[C@H](CCCNC(=N)N)NC(=O)[C@H](C)N)[C@@H](C)O)C(=O)N[C@@H](CCC(N)=O)C(=O)N[C@H](C(=O)N[C@@H](C)C(=O)N[C@@H](CCCNC(=N)N)C(=O)N[C@@H](CCCCN)C(=O)N[C@@H](CO)C(=O)N[C@H](C(=O)NCC(=O)NCC(=O)N[C@@H](CCCCN)C(=O)N[C@@H](C)C(=O)N1CCC[C@H]1C(=O)N[C@@H](CCCNC(=N)N)C(=O)N[C@@H](CCCCN)C(=O)N[C@@H](CCC(N)=O)C(=O)N[C@@H](CC(C)C)C(=O)N[C@@H](C)C(=O)O)[C@@H](C)O)[C@@H](C)O
CHEMBL1797648,2838.0,5.55,992,C#CCN(C)CCCC[C@H](NC(=O)[C@@H](NC(=O)[C@H](CCCNC(=N)N)NC(=O)[C@H](C)N)[C@@H](C)O)C(=O)N[C@@H](CCC(N)=O)C(=O)N[C@H](C(=O)N[C@@H](C)C(=O)N[C@@H](CCCNC(=N)N)C(=O)N[C@@H](CCCCN)C(=O)N[C@@H](CO)C(=O)N[C@H](C(=O)NCC(=O)NCC(=O)N[C@@H](CCCCN)C(=O)N[C@@H](C)C(=O)N1CCC[C@H]1C(=O)N[C@@H](CCCNC(=N)N)C(=O)N[C@@H](CCCCN)C(=O)N[C@@H](CCC(N)=O)C(=O)N[C@@H](CC(C)C)C(=O)N[C@@H](C)C(=O)O)[C@@H](C)O)[C@@H](C)O
CHEMBL1797649,2750.0,5.56,758,CC(C)C[C@H](NC(=O)[C@H](CCC(N)=O)NC(=O)[C@H](CCCCN)NC(=O)[C@H](CCCNC(=N)N)NC(=O)[C@@H]1CCCN1C(=O)[C@H](C)NC(=O)[C@H](CCCCN)NC(=O)CNC(=O)CNC(=O)[C@@H](NC(=O)[C@H](CO)NC(=O)[C@H](CCCCN)NC(=O)[C@H](CCCNC(=N)N)NC(=O)[C@H](C)NC(=O)[C@@H](NC(=O)[C@H](CCC(N)=O)NC(=O)[C@H](CCCCNC1CC1)NC(=O)[C@@H](NC(=O)[C@H](CCCNC(=N)N)NC(=O)[C@H](C)N)[C@@H](C)O)[C@@H](C)O)[C@@H](C)O)C(=O)N[C@@H](C)C(=O)O
CHEMBL1797650,900.0,6.05,163,CC(C)C[C@H](NC(=O)[C@H](CCC(N)=O)NC(=O)[C@H](CCCCN)NC(=O)[C@H](CCCNC(=N)N)NC(=O)[C@@H]1CCCN1C(=O)[C@H](C)NC(=O)[C@H](CCCCN)NC(=O)CNC(=O)CNC(=O)[C@@H](NC(=O)[C@H](CO)NC(=O)[C@H](CCCCN)NC(=O)[C@H](CCCNC(=N)N)NC(=O)[C@H](C)NC(=O)[C@@H](NC(=O)[C@H](CCC(N)=O)NC(=O)[C@H](CCCCNC/C=C\Cl)NC(=O)[C@@H](NC(=O)[C@H](CCCNC(=N)N)NC(=O)[C@H](C)N)[C@@H](C)O)[C@@H](C)O)[C@@H](C)O)C(=O)N[C@@H](C)C(=O)O
CHEMBL1797651,700.0,6.15,535,CC(C)C[C@H](NC(=O)[C@H](CCC(N)=O)NC(=O)[C@H](CCCCN)NC(=O)[C@H](CCCNC(=N)N)NC(=O)[C@@H]1CCCN1C(=O)[C@H](C)NC(=O)[C@H](CCCCN)NC(=O)CNC(=O)CNC(=O)[C@@H](NC(=O)[C@H](CO)NC(=O)[C@H](CCCCN)NC(=O)[C@H](CCCNC(=N)N)NC(=O)[C@H](C)NC(=O)[C@@H](NC(=O)[C@H](CCC(N)=O)NC(=O)[C@H](CCCCNC/C=C/Cl)NC(=O)[C@@H](NC(=O)[C@H](CCCNC(=N)N)NC(=O)[C@H](C)N)[C@@H](C)O)[C@@H](C)O)[C@@H](C)O)C(=O)N[C@@H](C)C(=O)O
CHEMBL1797652,1469.5666666666668,5.83,460,CC(C)C[C@H](NC(=O)[C@H](CCC(N)=O)NC(=O)[C@H](CCCCN)NC(=O)[C@H](CCCNC(=N)N)NC(=O)[C@@H]1CCCN1C(=O)[C@H](C)NC(=O)[C@H](CCCCN)NC(=O)CNC(=O)CNC(=O)[C@@H](NC(=O)[C@H](CO)NC(=O)[C@H](CCCCN)NC(=O)[C@H](CCCNC(=N)N)NC(=O)[C@H](C)NC(=O)[C@@H](NC(=O)[C@H](CCC(N)=O)NC(=O)[C@H](CCCCNN)NC(=O)[C@@H](NC(=O)[C@H](CCCNC(=N)N)NC(=O)[C@H](C)N)[C@@H](C)O)[C@@H](C)O)[C@@H](C)O)C(=O)N[C@@H](C)C(=O)O
CHEMBL1797653,2700.0,5.57,580,CC(C)C[C@H](NC(=O)[C@H](CCC(N)=O)NC(=O)[C@H](CCCCN)NC(=O)[C@H](CCCNC(=N)N)NC(=O)[C@@H]1CCCN1C(=O)[C@H](C)NC(=O)[C@H](CCCCN)NC(=O)CNC(=O)CNC(=O)[C@@H](NC(=O)[C@H](CO)NC(=O)[C@H](CCCCN)NC(=O)[C@H](CCCNC(=N)N)NC(=O)[C@H](C)NC(=O)[C@@H](NC(=O)[C@H](CCC(N)=O)NC(=O)[C@H](CC[C@H]1C[C@H]1N)NC(=O)[C@@H](NC(=O)[C@H](CCCNC(=N)N)NC(=O)[C@H](C)N)[C@@H](C)O)[C@@H](C)O)[C@@H](C)O)C(=O)N[C@@H](C)C(=O)O
CHEMBL1797654,6110.0,5.21,690,CC(C)C[C@H](NC(=O)[C@H](CCC(N)=O)NC(=O)[C@H](CCCCN)NC(=O)[C@H](CCCNC(=N)N)NC(=O)[C@@H]1CCCN1C(=O)[C@H](C)NC(=O)[C@H](CCCCN)NC(=O)CNC(=O)CNC(=O)[C@@H](NC(=O)[C@H](CO)NC(=O)[C@H](CCCCN)NC(=O)[C@H](CCCNC(=N)N)NC(=O)[C@H](C)NC(=O)[C@@H](NC(=O)[C@H](CCC(N)=O)NC(=O)[C@H](CC[C@H]1C[C@@H]1N)NC(=O)[C@@H](NC(=O)[C@H](CCCNC(=N)N)NC(=O)[C@H](C)N)[C@@H](C)O)[C@@H](C)O)[C@@H](C)O)C(=O)N[C@@H](C)C(=O)O
CHEMBL1797655,24200.0,4.62,1311,CC(C)C[C@H](NC(=O)[C@H](CCC(N)=O)NC(=O)[C@H](CCCCN)NC(=O)[C@H](CCCNC(=N)N)NC(=O)[C@@H]1CCCN1C(=O)[C@H](C)NC(=O)[C@H](CCCCN)NC(=O)CNC(=O)CNC(=O)[C@@H](NC(=O)[C@H](CO)NC(=O)[C@H](CCCCN)NC(=O)[C@H](CCCNC(=N)N)NC(=O)[C@H](C)NC(=O)[C@@H](NC(=O)[C@H](CCC(N)=O)NC(=O)[C@H](CC[C@H]1C[C@@H]1N(C)C)NC(=O)[C@@H](NC(=O)[C@H](CCCNC(=N)N)NC(=O)[C@H](C)N)[C@@H](C)O)[C@@H](C)O)[C@@H](C)O)C(=O)N[C@@H](C)C(=O)O
CHEMBL1797705,1750.0,5.76,1947,N[C@H]1C[C@@H]1c1cccc(OCC[C@H](NC(=O)c2ccccc2)C(=O)NCc2ccccc2)c1
CHEMBL1797706,6700.0,5.17,1948,N[C@@H]1C[C@H]1c1cccc(OCC[C@H](NC(=O)c2ccccc2)C(=O)NCc2ccccc2)c1
CHEMBL1938897,5.0,8.3,1556,CC(NC1CC1c1ccccc1)c1ccc2c(c1)OCCO2
CHEMBL1938898,9.0,8.05,1468,CN1CCN(C(=O)CNC2CC2c2ccc(-c3cc(F)ccc3C(F)(F)F)cc2)CC1
CHEMBL199600,218.0,6.66,766,O=C(N/N=C/c1ccccc1O)c1ccc(O)cc1
CHEMBL2169888,800.0,6.1,859,N[C@@H]1C[C@H]1c1cc(F)cc(F)c1OCc1ccccc1
CHEMBL2169921,1300.0,5.89,1424,N[C@@H]1C[C@H]1c1ccc(NC(=O)C(Cc2ccccc2)NC(=O)OCc2ccccc2)cc1
CHEMBL2181950,15600.0,4.81,114,N/C(CC(=O)Nc1ccccc1)=N\O
CHEMBL2181959,16800.0,4.77,1813,N/C(CC(=O)Nc1ccccc1O)=N\O
CHEMBL226102,2750.0,5.56,321,CCNCCCCNCCCCNCCCCNCCCCNC/C=C/CNCCCCNCCCCNCCCCNCCCCNCC
CHEMBL226335,2160.0,5.67,1931,C[C@@H]1O[C@@H](OC[C@H]2O[C@@H](Oc3c(-c4ccc(O)c(O)c4)oc4cc(O)cc(O)c4c3=O)[C@H](O)[C@@H](O)[C@@H]2O)[C@H](O)[C@H](O)[C@H]1O
CHEMBL231884,10140.0,4.99,2349,COc1ccc(-c2cc(=O)c3c(O)cc(O[C@@H]4O[C@H](CO[C@@H]5O[C@@H](C)[C@H](O)[C@@H](O)[C@H]5O)[C@@H](O)[C@H](O)[C@H]4O)cc3o2)cc1O
CHEMBL2334187,69300.0,4.16,1555,Fc1ccc(Cn2cc(CSC(=S)N3CCNCC3)nn2)cc1
CHEMBL2334190,28900.0,4.54,1073,Cc1ccc(Cn2cc(CSC(=S)N3CCNCC3)nn2)cc1
CHEMBL2334191,19500.0,4.71,1889,COc1ccc(Cn2cc(CSC(=S)N3CCNCC3)nn2)cc1
CHEMBL2334484,32800.0,4.48,2070,O=C(OCc1ccccc1)N1CCN(C(=S)SCc2cn(Cc3ccccc3F)nn2)CC1
CHEMBL2334485,47600.0,4.32,2578,O=C(OCc1ccccc1)N1CCN(C(=S)SCc2cn(Cc3ccc(F)cc3)nn2)CC1
CHEMBL2334486,53200.0,4.27,1883,O=C(OCc1ccccc1)N1CCN(C(=S)SCc2cn(Cc3ccccc3Cl)nn2)CC1
CHEMBL2334488,22400.0,4.65,1888,Cc1ccc(Cn2cc(CSC(=S)N3CCN(C(=O)OCc4ccccc4)CC3)nn2)cc1
CHEMBL2334489,35100.0,4.45,1249,COc1ccc(Cn2cc(CSC(=S)N3CCN(C(=O)OCc4ccccc4)CC3)nn2)cc1
CHEMBL2334490,29500.0,4.53,1887,O=C(OCc1ccccc1)N1CCN(C(=S)SCc2cn(Cc3ccc(Cl)c(Cl)c3)nn2)CC1
CHEMBL2334491,43500.0,4.36,1756,COc1cc(Cn2cc(CSC(=S)N3CCN(C(=O)OCc4ccccc4)CC3)nn2)cc(OC)c1OC
CHEMBL2334496,390.0,6.41,2642,CC(C)(C)OC(=O)N1CCN(C(=S)SCc2cn(Cc3cc(=O)oc4cc(O)ccc34)nn2)CC1
CHEMBL2334497,8000.0,5.1,1759,CC(C)(C)OC(=O)N1CCN(C(=S)SCc2cn(Cc3ccccc3F)nn2)CC1
CHEMBL2334498,21600.0,4.67,1197,CC(C)(C)OC(=O)N1CCN(C(=S)SCc2cn(Cc3ccc(F)cc3)nn2)CC1
CHEMBL2334499,11500.0,4.94,1507,CC(C)(C)OC(=O)N1CCN(C(=S)SCc2cn(Cc3ccccc3Cl)nn2)CC1
CHEMBL2334500,56500.0,4.25,1074,CC(C)(C)OC(=O)N1CCN(C(=S)SCc2cn(Cc3ccc(Cl)cc3)nn2)CC1
CHEMBL2334501,1516.6666666666667,5.82,1252,Cc1ccc(Cn2cc(CSC(=S)N3CCN(C(=O)OC(C)(C)C)CC3)nn2)cc1
CHEMBL2334502,18400.0,4.74,2071,COc1ccc(Cn2cc(CSC(=S)N3CCN(C(=O)OC(C)(C)C)CC3)nn2)cc1
CHEMBL2334503,88900.0,4.05,501,CC(C)(C)OC(=O)N1CCN(C(=S)SCc2cn(Cc3ccc(Cl)c(Cl)c3)nn2)CC1
CHEMBL2334504,19000.0,4.72,532,COc1cc(Cn2cc(CSC(=S)N3CCN(C(=O)OC(C)(C)C)CC3)nn2)cc(OC)c1OC
CHEMBL2334505,17300.0,4.76,544,Fc1ccccc1Cn1cc(CSC(=S)N2CCNCC2)nn1
CHEMBL2426047,93100.0,4.03,1153,C#CCN(C)CCCOc1cccc(NC(=O)c2ccccc2)c1
CHEMBL2426048,39000.0,4.41,210,C#CCNCC(O)COc1ccc(-c2ccccc2)cc1
CHEMBL2426051,51700.0,4.29,1150,C#CCN(C)CC(O)COc1ccc2ccccc2c1
CHEMBL2426052,92200.0,4.04,1152,C#CCNCC(O)COc1ccc2ccccc2c1
CHEMBL2426053,22200.0,4.65,1781,C#CCN(C)CC(O)COc1ccc2cc(Br)ccc2c1
CHEMBL2426136,51000.0,4.29,990,O=c1c(Cl)c(C(F)(F)F)oc2ccc([N+](=O)[O-])cc12
CHEMBL2440532,43300.0,4.36,1012,Cc1cccc(Cn2cc(CSC(=S)N3CCN(C(=O)OC(C)(C)C)CC3)nn2)c1
CHEMBL2440536,27500.0,4.56,1881,CC(C)(C)OC(=O)N1CCN(C(=S)SCc2cn(Cc3ccccc3Br)nn2)CC1
CHEMBL2440537,70700.0,4.15,1632,CC(C)(C)OC(=O)N1CCN(C(=S)SCc2cn(Cc3ccc(O)cc3)nn2)CC1
CHEMBL2440538,69200.0,4.16,659,CC(C)(C)OC(=O)N1CCN(C(=S)SCc2cn(Cc3ccccc3O)nn2)CC1
CHEMBL2440540,77100.0,4.11,822,CC(C)(C)OC(=O)N1CCN(C(=S)SCc2cn(Cc3cccc(O)c3)nn2)CC1
CHEMBL2440541,81300.0,4.09,425,CC(C)(C)OC(=O)N1CCN(C(=S)SCc2cn(Cc3ccc(O)cc3O)nn2)CC1
CHEMBL2440542,51200.0,4.29,554,CC(C)(C)OC(=O)N1CCN(C(=S)SCc2cn(Cc3c(F)cccc3F)nn2)CC1
CHEMBL2440559,83400.0,4.08,190,Cc1ccc(Cn2cc(CSC(=S)N3CCN(CCO)CC3)nn2)cc1
CHEMBL2440562,40300.0,4.39,1233,Cc1ccc(Cn2cc(CSC(=S)N3CCN(c4ccccc4)CC3)nn2)cc1
CHEMBL2440565,27600.0,4.56,594,Cc1ccc(Cn2cc(CSC(=S)N3CCN(c4ncccn4)CC3)nn2)cc1
CHEMBL2440566,39800.0,4.4,1765,Fc1ccccc1Cn1cc(CSC(=S)N2CCN(c3ncccn3)CC2)nn1
CHEMBL2440567,43900.0,4.36,1200,Fc1ccc(Cn2cc(CSC(=S)N3CCN(c4ncccn4)CC3)nn2)cc1
CHEMBL2440568,35700.0,4.45,1187,Cc1ccc(Cn2cc(CSC(=S)N3CCN(S(C)(=O)=O)CC3)nn2)cc1
CHEMBL2440569,45700.0,4.34,1764,CS(=O)(=O)N1CCN(C(=S)SCc2cn(Cc3ccccc3F)nn2)CC1
CHEMBL2440570,55100.0,4.26,405,CS(=O)(=O)N1CCN(C(=S)SCc2cn(Cc3ccc(F)cc3)nn2)CC1
CHEMBL2440571,87400.0,4.06,188,FC(F)(F)c1ccc(Cn2cc(CSC(=S)N3CCNCC3)nn2)cc1
CHEMBL2440573,17000.0,4.77,1248,CCOC(=O)N1CCN(C(=S)SCc2cn(Cc3ccc(C)cc3)nn2)CC1
CHEMBL2440574,15000.0,4.82,54,Cc1ccc(Cn2cc(CSC(=S)N3CCN(C(=O)OC(C)C)CC3)nn2)cc1
CHEMBL2440575,30200.0,4.52,2251,CC(=O)N1CCN(C(=S)SCc2cn(Cc3ccccc3F)nn2)CC1
CHEMBL2440576,47100.0,4.33,183,CC(=O)N1CCN(C(=S)SCc2cn(Cc3ccc(F)cc3)nn2)CC1
CHEMBL2440577,25300.0,4.6,2067,CC(=O)N1CCN(C(=S)SCc2cn(Cc3ccc(C)cc3)nn2)CC1
CHEMBL250450,975.0,6.01,345,O=c1c(O[C@@H]2O[C@H](CO)[C@@H](O)[C@H](O)[C@H]2O)c(-c2ccc(O)c(O)c2)oc2cc(O)cc(O)c12
CHEMBL255520,3700.0,5.43,2357,N[C@@H]1C[C@H]1c1ccc(Br)cc1
CHEMBL257990,10750.0,4.97,678,N[C@H]1C[C@@H]1c1ccccc1
CHEMBL3104249,128.0,6.89,259,C/C(=N\NC(=O)c1ccccc1)c1cc(Cl)ccc1O
CHEMBL3104250,25.98222222222222,7.59,508,C/C(=N\NC(=O)c1cccc(S(=O)(=O)N2CCOCC2)c1)c1cc(Cl)ccc1O
CHEMBL3104252,14.0,7.85,28,C/C(=N/NC(=O)c1cccc(S(=O)(=O)N(C)C)c1)c1cc(Cl)ccc1O
CHEMBL3104261,20.0,7.7,475,N[C@@H]1C[C@H]1c1ccc(-c2cccc(O)c2)cc1
CHEMBL3104337,916.6666666666666,6.04,34,Cl.NC1CC1c1ccc(NC(=O)C(Cc2ccccc2)NC(=O)OCc2ccccc2)cc1
CHEMBL3104338,9700.0,5.01,512,NC1CC1c1ccc(OCCCC(=O)NCc2ccccc2)cc1
CHEMBL3104339,1900.0,5.72,2270,NC1CC1c1ccc(OCCC(NC(=O)c2ccc(O)cc2)C(=O)Nc2ccccc2)cc1
CHEMBL3104341,18000.0,4.74,371,C1=Nc2ccccc2C1CN[C@@H]1C[C@H]1c1ccccc1
CHEMBL3104342,25.0,7.6,442,COc1cccc(-c2ccc([C@@H]3C[C@H]3NCC(=O)N3CCN(C)CC3)cc2)c1
CHEMBL3104343,12000.0,4.92,1104,N[C@H]1C[C@@H]1c1ccc(Oc2ccccc2)cc1
CHEMBL3104344,250.0,6.6,2175,CCNCCCNC/C=C\CNCCCNCC.Cl
CHEMBL3104345,5200.0,5.28,1098,COC(=O)c1cc(CN2CCN(C(=N)N)CC2)cc(C(=O)N2CCN(C(=O)c3ccc(C=N)cc3)CC2)c1
CHEMBL3104346,275.0,6.56,1859,O=C(N/N=C/c1cc(Cl)ccc1O)c1ccc(O)cc1
CHEMBL3104347,291.0,6.54,250,C/C(=N\NC(=O)c1ccc(O)cc1)c1ccccc1O
CHEMBL3104348,196.0,6.71,702,O=C(N/N=C/c1ccccc1O)c1ccc(Br)cc1
CHEMBL3104349,333.0,6.48,329,O=C(N/N=C/c1ccccc1O)c1cccc(Cl)c1
CHEMBL3104350,19.0,7.72,438,C/C(=N\NC(=O)c1cccc(S(=O)(=O)N2CCOCC2)c1)c1ccccc1O
CHEMBL3108892,120.0,6.92,484,CC(C)C[C@H](NC(=O)[C@H](CCC(N)=O)NC(=O)[C@H](CCCCN)NC(=O)[C@H](CCCNC(=N)N)NC(=O)[C@@H]1CCCN1C(=O)[C@H](C)NC(=O)[C@H](CCCCN)NC(=O)CNC(=O)CNC(=O)[C@@H](NC(=O)[C@H](CO)NC(=O)[C@H](CCCCN)NC(=O)[C@H](CCCNC(=N)N)NC(=O)[C@H](C)NC(=O)[C@@H](NC(=O)[C@H](CCC(N)=O)NC(=O)[C@H](CCCCN[C@@H]1C[C@H]1c1ccccc1)NC(=O)[C@@H](NC(=O)[C@H](CCCNC(=N)N)NC(=O)[C@H](C)N)[C@@H](C)O)[C@@H](C)O)[C@@H](C)O)C(=O)N[C@@H](C)C(=O)O
CHEMBL3108897,1242.5,5.91,692,CSCC[C@H](NC(=O)[C@@H](NC(=O)[C@H](CCCNC(=N)N)NC(=O)[C@H](C)N)[C@@H](C)O)C(=O)N[C@H]1CCCCNC(=O)CC[C@@H](C(=O)N[C@H](C(=O)NCC(=O)NCC(=O)N[C@@H](CCCCN)C(=O)N[C@@H](C)C(=O)N2CCC[C@H]2C(=O)N[C@@H](CCCNC(=N)N)C(=O)N[C@@H](CCCCN)C(=O)N[C@@H](CCC(N)=O)C(=O)N[C@@H](CC(C)C)C(=O)N[C@@H](C)C(N)=O)[C@@H](C)O)NC(=O)[C@H](CCCCN)NC(=O)[C@H](CCCNC(=N)N)NC(=O)[C@H](C)NC(=O)[C@H]([C@@H](C)O)NC1=O
CHEMBL3108900,9.0,8.05,515,CN1CCN(C(=O)CN[C@H]2C[C@@H]2c2ccc(-c3cc(F)ccc3C(F)(F)F)cc2)CC1
CHEMBL3108901,5.0,8.3,654,CC(N[C@H]1C[C@@H]1c1ccccc1)c1ccc2c(c1)OCCO2
CHEMBL3108954,1600.0,5.8,516,Cl.N[C@H]1C[C@@H]1c1ccc(NC(=O)CCCCNC(=O)c2ccc(O)c3ncccc23)cc1
CHEMBL3108955,1000.0,6.0,991,Cl.N[C@H]1C[C@@H]1c1ccc(NC(=O)CCCCCNC(=O)c2ccc(O)c3ncccc23)cc1
CHEMBL3108958,2200.0,5.66,474,N[C@@H]1C[C@H]1c1ccc(NC(=O)c2ccnc(-c3cc(C(=O)O)ccn3)c2)cc1.O=C(O)C(F)(F)F
CHEMBL3133841,3000.0,5.52,224,CC(C)(C)OC(=O)N1CCN(C(=S)SCc2cn(Cc3cc(=O)oc4cc(O)cc(O)c34)nn2)CC1
CHEMBL3133842,830.0,6.08,1920,CC(C)(C)OC(=O)N1CCN(C(=S)SCc2cn(Cc3cc(=O)oc4c(O)c(O)ccc34)nn2)CC1
CHEMBL3133843,810.0,6.09,752,COc1ccc2c(Cn3cc(CSC(=S)N4CCN(C(=O)OC(C)(C)C)CC4)nn3)cc(=O)oc2c1
CHEMBL3133846,670.0,6.17,1093,CC(C)(C)OC(=O)N1CCN(C(=S)SCc2cn(Cc3cc(=O)oc4cc(Cl)ccc34)nn2)CC1
CHEMBL3133848,84200.0,4.07,555,CC(C)(C)OC(=O)N1CCN(C(=S)SCc2cn(Cc3cc(=O)oc4cc(F)ccc34)nn2)CC1
CHEMBL3133849,10330.0,4.99,524,CC(C)(C)OC(=O)N1CCN(C(=S)SCc2cn(Cc3cc(=O)oc4ccccc34)nn2)CC1
CHEMBL3133850,530.0,6.28,523,CC(C)(C)OC(=O)N1CCN(C(=S)SCc2cn(Cc3cc(=O)oc4cc(N)ccc34)nn2)CC1
CHEMBL3133851,710.0,6.15,1907,Cc1ccc2c(Cn3cc(CSC(=S)N4CCN(C(=O)OC(C)(C)C)CC4)nn3)cc(=O)oc2c1
CHEMBL3134309,9500.0,5.02,230,CSCCc1nc(-c2cccc(NC(=N)N)c2)oc1C
CHEMBL3134310,185000.0,3.73,337,CC(=O)c1csc(Nc2ccc(Cl)cc2)n1
CHEMBL3134316,123000.0,3.91,487,CC(=O)c1csc(Nc2cccc(Cl)c2)n1
CHEMBL3134321,26900.0,4.57,1191,CC(=O)c1csc(Nc2ccc(Br)cc2)n1
CHEMBL3134322,57000.0,4.24,493,CC(=O)c1csc(Nc2ccc(O)cc2)n1
CHEMBL3134332,85700.0,4.07,2082,O=S(=O)(Nc1nc(-c2ccc(Cl)cc2)cs1)c1ccccc1
CHEMBL3134334,44400.0,4.35,1601,O=S(=O)(Nc1nc(-c2ccc(Cl)cc2)cs1)C(F)(F)F
CHEMBL3134337,43200.0,4.36,997,Cc1ccccc1S(=O)(=O)Nc1nc(-c2ccc(Cl)cc2)cs1
CHEMBL3134338,17200.0,4.76,1963,Cc1cccc(S(=O)(=O)Nc2nc(-c3ccc(Cl)cc3)cs2)c1
CHEMBL3134339,43600.0,4.36,2643,COc1cccc(S(=O)(=O)Nc2nc(-c3ccc(Cl)cc3)cs2)c1
CHEMBL3134340,76050.0,4.12,375,COc1ccc(S(=O)(=O)Nc2nc(-c3ccc(Cl)cc3)cs2)cc1
CHEMBL3134341,7500.0,5.12,1874,O=S(=O)(Nc1nc(-c2ccc(Cl)cc2)cs1)c1cccc(-c2ccccc2)c1
CHEMBL3134342,15800.0,4.8,2170,O=S(=O)(Nc1nc(-c2ccc(Cl)cc2)cs1)c1ccc(-c2ccccc2)cc1
CHEMBL3134343,40100.0,4.4,2164,O=S(=O)(Nc1nc(-c2ccc(Cl)cc2)cs1)c1ccccc1Cl
CHEMBL3134344,10300.0,4.99,1106,O=S(=O)(Nc1nc(-c2ccc(Cl)cc2)cs1)c1cccc(Cl)c1
CHEMBL3134345,13200.0,4.88,1876,O=S(=O)(Nc1nc(-c2ccc(Cl)cc2)cs1)c1ccc(Cl)cc1
CHEMBL3134346,18100.0,4.74,247,O=S(=O)(Nc1nc(-c2ccc(Cl)cc2)cs1)c1ccccc1C(F)(F)F
CHEMBL3134347,9500.0,5.02,349,O=S(=O)(Nc1nc(-c2ccc(Cl)cc2)cs1)c1cccc(C(F)(F)F)c1
CHEMBL3134348,17300.0,4.76,2110,O=S(=O)(Nc1nc(-c2ccc(Cl)cc2)cs1)c1ccc(C(F)(F)F)cc1
CHEMBL3134349,49200.0,4.31,557,O=[N+]([O-])c1ccccc1S(=O)(=O)Nc1nc(-c2ccc(Cl)cc2)cs1
CHEMBL3134350,20300.0,4.69,445,O=[N+]([O-])c1cccc(S(=O)(=O)Nc2nc(-c3ccc(Cl)cc3)cs2)c1
CHEMBL3134351,26100.0,4.58,1582,O=[N+]([O-])c1ccc(S(=O)(=O)Nc2nc(-c3ccc(Cl)cc3)cs2)cc1
CHEMBL3134352,27800.0,4.56,50,O=S(=O)(Nc1nc(-c2ccc(Cl)cc2)cs1)c1cccs1
CHEMBL3134353,19300.0,4.71,1000,O=S(=O)(Nc1nc(-c2ccc(Cl)cc2)cs1)c1cncc(Br)c1
CHEMBL3134354,36100.0,4.44,1877,Cn1nccc1-c1cncc(S(=O)(=O)Nc2nc(-c3ccc(Cl)cc3)cs2)c1
CHEMBL3134355,26300.0,4.58,1003,Cc1nccc(-c2cncc(S(=O)(=O)Nc3nc(-c4ccc(Cl)cc4)cs3)c2)n1
CHEMBL3134356,51600.0,4.29,781,O=S(=O)(Nc1nc(-c2ccccc2)cs1)c1cccc(Cl)c1
CHEMBL3134357,13700.0,4.86,556,O=S(=O)(Nc1nc(-c2ccccc2Cl)cs1)c1cccc(Cl)c1
CHEMBL3134358,10200.0,4.99,780,O=S(=O)(Nc1nc(-c2cccc(Cl)c2)cs1)c1cccc(Cl)c1
CHEMBL3134359,61600.0,4.21,779,O=[N+]([O-])c1ccccc1-c1csc(NS(=O)(=O)c2cccc(Cl)c2)n1
CHEMBL3134360,13700.0,4.86,1260,O=[N+]([O-])c1cccc(-c2csc(NS(=O)(=O)c3cccc(Cl)c3)n2)c1
CHEMBL3134361,17600.0,4.75,2074,O=[N+]([O-])c1ccc(-c2csc(NS(=O)(=O)c3cccc(Cl)c3)n2)cc1
CHEMBL3134362,34900.0,4.46,215,O=C(OCO)c1cccc(-c2csc(NS(=O)(=O)c3cccc(Cl)c3)n2)c1
CHEMBL3134363,12900.0,4.89,1476,O=S(=O)(Nc1nc(-c2cccc(Br)c2)cs1)c1cccc(Cl)c1
CHEMBL3134364,16600.0,4.78,444,O=S(=O)(Nc1nc(-c2ccc(Br)cc2)cs1)c1cccc(Cl)c1
CHEMBL3134365,23600.0,4.63,1884,COc1ccccc1-c1csc(NS(=O)(=O)c2cccc(Cl)c2)n1
CHEMBL3134366,19000.0,4.72,1475,COc1cccc(-c2csc(NS(=O)(=O)c3cccc(Cl)c3)n2)c1
CHEMBL3134367,26000.0,4.59,499,COc1ccc(-c2csc(NS(=O)(=O)c3cccc(Cl)c3)n2)cc1
CHEMBL3134368,29500.0,4.53,492,O=S(=O)(Nc1nc(-c2ccc3c(c2)OCCO3)cs1)c1cccc(Cl)c1
CHEMBL3134369,17500.0,4.76,55,Cc1sc(NS(=O)(=O)c2cccc(Cl)c2)nc1-c1ccccc1
CHEMBL3134370,13700.0,4.86,777,O=S(=O)(Nc1nc(-c2ccccc2)c(-c2ccccc2)s1)c1cccc(Cl)c1
CHEMBL3134371,29600.0,4.53,476,Cc1ccc(-c2nnc(NS(=O)(=O)c3cccc(Cl)c3)s2)cc1
CHEMBL3134372,16200.0,4.79,1194,Cc1cccc(S(=O)(=O)Nc2nnc(-c3ccc(Cl)cc3)s2)c1
CHEMBL3134373,37700.0,4.42,239,O=S(=O)(Nc1ccn(-c2ccccc2)n1)c1cc(Cl)cc(Cl)c1
CHEMBL3134374,56900.0,4.24,2402,O=S(=O)(Nc1ccn(-c2ccc(Cl)cc2)n1)c1cccc(C(F)(F)F)c1
CHEMBL3134375,45.0,7.35,1882,COc1ncccc1CNC1CC1c1ccccc1
CHEMBL3134376,40.0,7.4,66,C/C(=N\NC(=O)c1cccc(S(=O)(=O)N2CCOCC2)c1)c1ccc(Cl)cc1O
CHEMBL3134377,258.5,6.59,1068,Cc1ccc(-c2ncc(OC[C@@H]3CCNC3)cc2-c2ccc(C#N)cc2)cc1
CHEMBL313833,25805.0,4.59,669,NC1CC1c1ccccc1
CHEMBL3144163,19500.0,4.71,511,Cl.Cl.S=C(NCCCNCCCCCCCNCCCNC(=S)NCC(c1ccccc1)c1ccccc1)NCC(c1ccccc1)c1ccccc1
CHEMBL3144164,14000.0,4.85,2006,Cl.Cl.S=C(NCCCNCCCCNCCCNC(=S)NCC(c1ccccc1)c1ccccc1)NCC(c1ccccc1)c1ccccc1
CHEMBL3216845,100.0,7.0,1266,CN(C)[C@@H]1CCN(CCN[C@H]2C[C@@H]2c2ccccc2)C1.Cl.Cl
CHEMBL3330328,1720.0,5.76,351,C[C@@]1(N)C[C@H]1c1ccccc1.Cl
CHEMBL3330329,779.0,6.11,12,CC[C@@]1(N)C[C@@H]1c1ccccc1.Cl
CHEMBL3330330,358.0,6.45,1115,CCC[C@@]1(N)C[C@H]1c1ccccc1.Cl
CHEMBL3330331,161.0,6.79,1218,Cl.N[C@@]1(c2ccccc2)C[C@H]1c1ccccc1
CHEMBL3330332,617.0,6.21,430,Cl.N[C@]1(Cc2ccccc2)C[C@@H]1c1ccccc1
CHEMBL3330333,218.0,6.66,587,Cl.N[C@]1(Cc2ccc3ccccc3c2)C[C@H]1c1ccccc1
CHEMBL3330334,202.0,6.69,115,Cl.N[C@]1(CCc2ccccc2)C[C@H]1c1ccccc1
CHEMBL3330335,1780.0,5.75,944,C[C@]1(N)C[C@@H]1c1ccccc1.Cl
CHEMBL3330336,975.0,6.01,1221,CC[C@@]1(N)C[C@H]1c1ccccc1.Cl
CHEMBL3330337,584.0,6.23,526,Cl.N[C@]1(c2ccccc2)C[C@H]1c1ccccc1
CHEMBL3330338,335.0,6.47,586,Cl.N[C@]1(Cc2ccccc2)C[C@H]1c1ccccc1
CHEMBL3330339,3260.0,5.49,2449,C[C@]1(N)C[C@@H]1c1ccccc1.O=C(O)C(F)(F)F
CHEMBL3330340,608.0,6.22,2448,CC[C@]1(N)C[C@@H]1c1ccccc1.Cl
CHEMBL3330341,131.0,6.88,125,Cl.N[C@@]1(c2ccccc2)C[C@@H]1c1ccccc1
CHEMBL3330345,9132.0,5.04,1394,N[C@@]1(CO)C[C@H]1c1ccccc1
CHEMBL3347612,990.0,6.0,1499,NC1CC1c1c(F)cc(F)cc1OCc1ccccc1
CHEMBL3347629,5000.0,5.3,1619,CCNCCCCCCCCCCCCCCCCNC/C=C/CNCCCCCCCCCCCCCCCCNCC
CHEMBL335326,50500.0,4.3,522,Cc1ccc(S(=O)(=O)Nc2nc(-c3ccc(Cl)cc3)cs2)cc1
CHEMBL3401325,8000.0,5.1,1722,Cl.S=C(NCCCNCCCCCNCCCNC(=S)NC(c1ccccc1)c1ccccc1)NC(c1ccccc1)c1ccccc1
CHEMBL3401326,7000.0,5.15,2185,Cl.S=C(NCCCNCCCCCNCCCNC(=S)NCC(c1ccccc1)c1ccccc1)NCC(c1ccccc1)c1ccccc1
CHEMBL3401327,3600.0,5.44,632,Cl.S=C(NCCCNCCCCCNCCCNC(=S)NCCC(c1ccccc1)c1ccccc1)NCCC(c1ccccc1)c1ccccc1
CHEMBL3402046,148.0,6.83,31,CC(C)C[C@H](NC(=O)[C@H](CCC(N)=O)NC(=O)[C@H](CCCCN)NC(=O)[C@H](CCCNC(=N)N)NC(=O)[C@@H]1CCCN1C(=O)[C@H](C)NC(=O)[C@H](CCCCN)NC(=O)CNC(=O)CNC(=O)[C@@H](NC(=O)[C@H](CO)NC(=O)[C@H](CCCCN)NC(=O)[C@H](CCCNC(=N)N)NC(=O)[C@H](C)NC(=O)[C@@H](NC(=O)[C@H](CCC(N)=O)NC(=O)[C@H](CCCCNC1CC1c1ccccc1)NC(=O)[C@@H](NC(=O)[C@H](CCCNC(=N)N)NC(=O)[C@@H](C)N)[C@H](C)O)[C@H](C)O)[C@H](C)O)C(=O)N[C@@H](C)C(=O)O
CHEMBL3402047,223.0,6.65,434,CC(C)C[C@H](NC(=O)[C@H](CCC(N)=O)NC(=O)[C@H](CCCCN)NC(=O)[C@H](CCCNC(=N)N)NC(=O)[C@@H]1CCCN1C(=O)[C@H](C)NC(=O)[C@H](CCCCN)NC(=O)CNC(=O)CNC(=O)[C@@H](NC(=O)[C@H](CO)NC(=O)[C@H](CCCCN)NC(=O)[C@H](CCCNC(=N)N)NC(=O)[C@H](C)NC(=O)[C@@H](NC(=O)[C@H](CCC(N)=O)NC(=O)[C@H](CCCCN1CC=CC1)NC(=O)[C@@H](NC(=O)[C@H](CCCNC(=N)N)NC(=O)[C@@H](C)N)[C@H](C)O)[C@H](C)O)[C@H](C)O)C(=O)N[C@@H](C)C(=O)O
CHEMBL3402048,11000.0,4.96,1183,CC(C)C[C@H](NC(=O)[C@H](CCC(N)=O)NC(=O)[C@H](CCCCN)NC(=O)[C@H](CCCNC(=N)N)NC(=O)[C@@H]1CCCN1C(=O)[C@H](C)NC(=O)[C@H](CCCCN)NC(=O)CNC(=O)CNC(=O)[C@@H](NC(=O)[C@H](CO)NC(=O)[C@H](CCCCN)NC(=O)[C@H](CCCNC(=N)N)NC(=O)[C@H](C)NC(=O)[C@@H](NC(=O)[C@H](CCC(N)=O)NC(=O)[C@H](CCCCN1CC=CCC1)NC(=O)[C@@H](NC(=O)[C@H](CCCNC(=N)N)NC(=O)[C@@H](C)N)[C@H](C)O)[C@H](C)O)[C@H](C)O)C(=O)N[C@@H](C)C(=O)O
CHEMBL3402049,283.0,6.55,658,CC(C)C[C@H](NC(=O)[C@H](CCC(N)=O)NC(=O)[C@H](CCCCN)NC(=O)[C@H](CCCNC(=N)N)NC(=O)[C@@H]1CCCN1C(=O)[C@H](C)NC(=O)[C@H](CCCCN)NC(=O)CNC(=O)CNC(=O)[C@@H](NC(=O)[C@H](CO)NC(=O)[C@H](CCCCNC1CC1c1ccccc1)NC(=O)[C@H](CCCNC(=N)N)NC(=O)[C@H](C)NC(=O)[C@@H](NC(=O)[C@H](CCC(N)=O)NC(=O)[C@H](CCCCN)NC(=O)[C@@H](NC(=O)[C@H](CCCNC(=N)N)NC(=O)[C@@H](C)N)[C@H](C)O)[C@H](C)O)[C@H](C)O)C(=O)N[C@@H](C)C(=O)O
CHEMBL3402051,88000.0,4.06,473,CC(C)C[C@H](NC(=O)[C@H](CCC(N)=O)NC(=O)[C@H](CCCCN)NC(=O)[C@H](CCCNC(=N)N)NC(=O)[C@@H]1CCCN1C(=O)[C@H](C)NC(=O)[C@H](CCCCN)NC(=O)CNC(=O)CNC(=O)[C@@H](NC(=O)[C@H](CO)NC(=O)[C@H](CCCCN1CC=CCC1)NC(=O)[C@H](CCCNC(=N)N)NC(=O)[C@H](C)NC(=O)[C@@H](NC(=O)[C@H](CCC(N)=O)NC(=O)[C@H](CCCCN)NC(=O)[C@@H](NC(=O)[C@H](CCCNC(=N)N)NC(=O)[C@@H](C)N)[C@H](C)O)[C@H](C)O)[C@H](C)O)C(=O)N[C@@H](C)C(=O)O
CHEMBL3402052,158.0,6.8,1108,C[C@H](NC(=O)[C@@H](NC(=O)[C@H](CCC(N)=O)NC(=O)[C@H](CCCCNC1CC1c1ccccc1)NC(=O)[C@@H](NC(=O)[C@H](CCCNC(=N)N)NC(=O)[C@@H](C)N)[C@H](C)O)[C@H](C)O)C(=O)N[C@@H](CCCNC(=N)N)C(=O)N[C@@H](CCCCN)C(=O)N[C@@H](CO)C(=O)N[C@H](C(=O)NCC(=O)NCC(=O)N[C@@H](CCCCN)C(=O)N[C@@H](C)C(=O)N1CCC[C@H]1C(=O)N[C@@H](CCCNC(=N)N)C(=O)O)[C@H](C)O
CHEMBL3402053,356.0,6.45,453,C[C@H](NC(=O)[C@@H](NC(=O)[C@H](CCC(N)=O)NC(=O)[C@H](CCCCNC1CC1c1ccccc1)NC(=O)[C@@H](NC(=O)[C@H](CCCNC(=N)N)NC(=O)[C@@H](C)N)[C@H](C)O)[C@H](C)O)C(=O)N[C@@H](CCCNC(=N)N)C(=O)N[C@@H](CCCCN)C(=O)N[C@@H](CO)C(=O)N[C@H](C(=O)NCC(=O)NCC(=O)O)[C@H](C)O
CHEMBL3402054,443.0,6.35,656,C[C@H](NC(=O)[C@@H](NC(=O)[C@H](CCC(N)=O)NC(=O)[C@H](CCCCNC1CC1c1ccccc1)NC(=O)[C@@H](NC(=O)[C@H](CCCNC(=N)N)NC(=O)[C@@H](C)N)[C@H](C)O)[C@H](C)O)C(=O)N[C@@H](CCCNC(=N)N)C(=O)N[C@@H](CCCCN)C(=O)O
CHEMBL3415351,1590.7366666666667,5.8,417,C#CCSc1nc(NNC(N)=S)c(C#N)c(-c2ccccc2)n1
CHEMBL3415352,1158.355,5.94,415,C#CCSc1nc(NNC(N)=S)c(C#N)c(-c2cc(OC)c(OC)c(OC)c2)n1
CHEMBL3415353,1100.5133333333333,5.96,145,C#CCSc1nc(NNC(N)=S)c(C#N)c(-c2ccc(C)cc2)n1
CHEMBL3415354,1080.0,5.97,590,C#CCSc1nc(NNC(N)=S)c(C#N)c(-c2ccc(CC(C)C)cc2)n1
CHEMBL3415355,1821.3,5.74,374,C#CCSc1nc(NNC(N)=S)c(C#N)c(-c2ccc(F)cc2)n1
CHEMBL3415356,2580.7533333333336,5.59,136,C#CCSc1nc(NNC(N)=S)c(C#N)c(-c2ccc([N+](=O)[O-])cc2)n1
CHEMBL3415357,1590.7366666666667,5.8,135,C#CCSc1nc(NNC(N)=S)c(C#N)c(-c2ccc(Cl)cc2)n1
CHEMBL3415358,1661.1366666666665,5.78,78,C#CCSc1nc(NNC(N)=S)c(C#N)c(-c2ccc(F)c(F)c2)n1
CHEMBL3415359,1590.7366666666667,5.8,566,C#CCSc1nc(NNC(N)=S)c(C#N)c(-c2ccc(Br)cc2)n1
CHEMBL3415360,3580.3199999999997,5.45,142,C#CCSc1nc(NNC(N)=S)c(C#N)c(-c2cccc(Cl)c2)n1
CHEMBL3415361,2610.72,5.58,331,C#CCSc1nc(NNC(N)=S)c(C#N)c(-c2cccc(OC)c2)n1
CHEMBL3415362,2640.8033333333333,5.58,393,C#CCSc1nc(NNC(N)=O)c(C#N)c(-c2ccc(Cl)cc2)n1
CHEMBL3415363,7400.0,5.13,878,C#CCSc1nc(NNC(N)=O)c(C#N)c(-c2ccc(F)c(F)c2)n1
CHEMBL3415364,3160.76,5.5,134,C#CCSc1nc(NNC(N)=O)c(C#N)c(-c2ccc(C)cc2)n1
CHEMBL3415365,4880.0,5.31,591,C#CCSc1nc(NNC(N)=O)c(C#N)c(-c2ccc(CC(C)C)cc2)n1
CHEMBL3415366,5063.303333333333,5.3,37,C#CCSc1nc(NNC(N)=O)c(C#N)c(-c2cccc(Cl)c2)n1
CHEMBL3415367,11191.46,4.95,260,C#CCSc1nc(NNC(N)=O)c(C#N)c(-c2ccc([N+](=O)[O-])cc2)n1
CHEMBL3415529,41505.13333333333,4.38,36,C#CCSc1nc(NNC(N)=O)c(C#N)c(-c2ccc(Br)cc2)n1
CHEMBL3415539,45736.27333333334,4.34,110,C#CCSc1nc(Cl)c(C#N)c(-c2ccccc2)n1
CHEMBL3415540,3131.096666666667,5.5,212,C#CCSc1nc(Cl)c(C#N)c(-c2cc(OC)c(OC)c(OC)c2)n1
CHEMBL3415541,59204.176666666666,4.23,109,C#CCSc1nc(Cl)c(C#N)c(-c2ccc(C)cc2)n1
CHEMBL3415542,26480.0,4.58,211,C#CCSc1nc(Cl)c(C#N)c(-c2ccc(CC(C)C)cc2)n1
CHEMBL3415543,21822.433333333334,4.66,1051,C#CCSc1nc(Cl)c(C#N)c(-c2ccc(F)cc2)n1
CHEMBL3415545,8332.269999999999,5.08,562,C#CCSc1nc(Cl)c(C#N)c(-c2ccc(Cl)cc2)n1
CHEMBL3415546,24372.703333333335,4.61,418,C#CCSc1nc(Cl)c(C#N)c(-c2ccc(F)c(F)c2)n1
CHEMBL3415547,24712.413333333334,4.61,655,C#CCSc1nc(Cl)c(C#N)c(-c2ccc(Br)cc2)n1
CHEMBL3415549,97285.36,4.01,45,N#Cc1c(Cl)nc(SCc2cn(Cc3ccccc3Cl)nn2)nc1-c1ccccc1
CHEMBL3415551,98438.26333333332,4.01,1042,COc1cc(-c2nc(SCc3ccc(Cl)c(Cl)c3)nc(NNC(N)=S)c2C#N)cc(OC)c1OC
CHEMBL3416425,559.5,6.25,128,Cl.NC1CC1c1ccc(NC(=O)c2ccccc2)cc1
CHEMBL3416426,13.0,7.89,529,Cl.N[C@H]1C[C@@H]1c1ccc(NC(=O)c2ccccc2)cc1
CHEMBL3416427,21.0,7.68,1886,Cl.N[C@@H]1C[C@H]1c1ccc(NC(=O)c2ccccc2)cc1
CHEMBL3416428,11690.0,4.93,2204,Cl.N[C@H]1C[C@@H]1c1cccc(NC(=O)c2ccccc2)c1
CHEMBL3416429,10890.0,4.96,1702,Cl.N[C@@H]1C[C@H]1c1cccc(NC(=O)c2ccccc2)c1
CHEMBL3416430,74650.0,4.13,1824,Cl.NC1CC1c1ccccc1NC(=O)c1ccccc1
CHEMBL3416431,26.0,7.59,225,Cl.N[C@@H]1C[C@@H]1c1ccc(NC(=O)c2ccccc2)cc1
CHEMBL3416432,22.0,7.66,1823,Cl.N[C@H]1C[C@H]1c1ccc(NC(=O)c2ccccc2)cc1
CHEMBL3416433,2730.0,5.56,1839,Cl.N[C@@H]1C[C@@H]1c1cccc(NC(=O)c2ccccc2)c1
CHEMBL3416434,450.0,6.35,1181,Cl.N[C@H]1C[C@H]1c1cccc(NC(=O)c2ccccc2)c1
CHEMBL3421672,360.0,6.44,42,Cl.N[C@H]1C[C@@H]1c1ccc(NC(=O)[C@H](Cc2ccccc2)NC(=O)OCc2ccccc2)cc1
CHEMBL3421673,30.0,7.52,199,Cl.N[C@@H]1C[C@H]1c1ccc(NC(=O)[C@H](Cc2ccccc2)NC(=O)OCc2ccccc2)cc1
CHEMBL3421674,390.0,6.41,38,Cl.N[C@H]1C[C@@H]1c1ccc(NC(=O)[C@@H](Cc2ccccc2)NC(=O)OCc2ccccc2)cc1
CHEMBL3421675,50.0,7.3,1744,Cl.N[C@@H]1C[C@H]1c1ccc(NC(=O)[C@@H](Cc2ccccc2)NC(=O)OCc2ccccc2)cc1
CHEMBL3621615,1700.0,5.77,514,Nc1nnc(NCc2c(Cl)cccc2Oc2ccccc2)[nH]1
CHEMBL3622371,300.0,6.52,295,O=C(N[C@@H](CCCCNC1CC1c1ccccc1)C(=O)NCc1ccccc1)c1ccccc1
CHEMBL3639499,210.0,6.68,2426,c1ccc(C2C[C@@H]2NCc2cccnc2)cc1
CHEMBL3639504,15.0,7.82,862,CN1CCN(C(=O)CN[C@H]2C[C@@H]2c2ccc(OCc3ccc(Cl)cc3)cc2)CC1
CHEMBL3651091,800.0,6.1,2095,Fc1ccc(CN[C@H]2CC2c2ccccc2)cc1
CHEMBL3651092,330.0,6.48,2675,N#Cc1ccc(CN[C@H]2CC2c2ccccc2)cc1
CHEMBL3651093,2800.0,5.55,2137,FC(F)(F)c1ccc(CN[C@H]2CC2c2ccccc2)cc1
CHEMBL3651094,1000.0,6.0,1409,c1ccc(C2C[C@@H]2NCc2ccccn2)cc1
CHEMBL3651095,700.0,6.15,1689,c1ccc(C2C[C@@H]2NCc2ccncc2)cc1
CHEMBL3651096,700.0,6.15,1531,Cc1cccc(CN[C@H]2CC2c2ccccc2)n1
CHEMBL3651097,800.0,6.1,703,c1ccc(C2C[C@@H]2NCc2nccs2)cc1
CHEMBL3651098,4500.0,5.35,1390,c1ccc(C2C[C@@H]2NCc2cccs2)cc1
CHEMBL3651099,2000.0,5.7,1821,Fc1cccc(CN[C@H]2CC2c2ccccc2)c1
CHEMBL3651100,2300.0,5.64,2138,Fc1ccccc1CN[C@H]1CC1c1ccccc1
CHEMBL3651101,400.0,6.4,836,COc1cccc(CN[C@H]2CC2c2ccccc2)c1
CHEMBL3651102,280.0,6.55,1614,FC(F)(F)c1ccc(CN[C@H]2CC2c2ccccc2)cn1
CHEMBL3651103,410.0,6.39,860,Clc1ccc(CN[C@H]2CC2c2ccccc2)cn1
CHEMBL3651104,500.0,6.3,1391,Cc1ccnc(CN[C@H]2CC2c2ccccc2)c1
CHEMBL3651105,740.0,6.13,1392,COc1cccc(CN[C@H]2CC2c2ccccc2)n1
CHEMBL3651106,4600.0,5.34,2626,Oc1cccnc1CN[C@H]1CC1c1ccccc1
CHEMBL3651107,210.0,6.68,1432,Brc1cccc(CN[C@H]2CC2c2ccccc2)n1
CHEMBL3651108,4600.0,5.34,330,COc1ccc(CN[C@H]2CC2c2ccc(Oc3ccccc3)cc2)cc1
CHEMBL3651109,3000.0,5.52,1538,Fc1ccc(CN[C@H]2CC2c2ccc(Oc3ccccc3)cc2)cc1
CHEMBL3651110,460.0,6.34,1083,c1ccc(C2C[C@@H]2NCc2ccc3ccccc3n2)cc1
CHEMBL3651111,1120.0,5.95,837,FC(F)(F)c1ccc(CN[C@H]2CC2c2ccccc2)nc1
CHEMBL3651112,550.0,6.26,1117,Fc1cccnc1CN[C@H]1CC1c1ccccc1
CHEMBL3651113,140.0,6.85,2543,c1ccc(C2C[C@@H]2NCc2cnc3ccccc3c2)cc1
CHEMBL3651114,180.0,6.74,1422,COc1ccc(CN[C@H]2CC2c2ccccc2)cn1
CHEMBL3651115,250.0,6.6,1982,COc1cncc(CN[C@H]2CC2c2ccccc2)c1
CHEMBL3651116,250.0,6.6,1913,COc1ncccc1CN[C@H]1CC1c1ccccc1
CHEMBL3651117,190.0,6.72,705,C1=Nc2ccccc2C1CN[C@H]1CC1c1ccccc1
CHEMBL3651118,160.0,6.8,1410,N#Cc1cccc(CN[C@H]2CC2c2ccccc2)c1
CHEMBL3651119,390.0,6.41,1677,COc1ccccc1CN[C@H]1CC1c1ccccc1
CHEMBL3651120,160.0,6.8,1636,Nc1ncccc1CN[C@H]1CC1c1ccccc1
CHEMBL3651121,90.0,7.05,117,Clc1ncccc1CN[C@H]1CC1c1ccccc1
CHEMBL3651122,60.0,7.22,2556,COc1ccc(CN[C@H]2CC2c2ccccc2)cc1OC
CHEMBL3651123,300.0,6.52,1726,c1ccc(C2C[C@@H]2NCc2ccc3c(c2)CCO3)cc1
CHEMBL3651124,400.0,6.4,2231,c1ccc(C2C[C@@H]2NCc2ccc3c(c2)OCO3)cc1
CHEMBL3651125,670.0,6.17,704,c1ccc(C2C[C@@H]2NCc2ccc3c(c2)OCCO3)cc1
CHEMBL3651126,960.0,6.02,2066,COc1cc(F)c(CN[C@H]2CC2c2ccccc2)c(F)c1
CHEMBL3651127,4500.0,5.35,1485,FC(F)(F)Oc1ccc(CN[C@H]2CC2c2ccccc2)cc1
CHEMBL3651128,300.0,6.52,2625,COc1ccc(F)cc1CN[C@H]1CC1c1ccccc1
CHEMBL3651129,360.0,6.44,2395,COc1ccc(CN[C@H]2CC2c2ccccc2)c(F)c1
CHEMBL3651130,1950.0,5.71,1794,COc1ccc(CN[C@H]2CC2c2ccccc2)c2ccccc12
CHEMBL3651131,220.0,6.66,1700,COc1cccc(F)c1CN[C@H]1CC1c1ccccc1
CHEMBL3651132,60.0,7.22,2156,COc1ccc2ccccc2c1CN[C@H]1CC1c1ccccc1
CHEMBL3651133,50.0,7.3,1666,COc1ccc2c(OC)ccc(CN[C@H]3CC3c3ccccc3)c2c1
CHEMBL3651134,450.0,6.35,2470,COc1ccc(CN[C@H]2CC2c2ccccc2)cc1C
CHEMBL3651135,510.0,6.29,181,COc1ccc(CN[C@H]2CC2c2ccccc2)cc1Cl
CHEMBL3651136,510.0,6.29,2473,COc1ccc(CN[C@H]2CC2c2ccccc2)cc1F
CHEMBL3651137,80.0,7.1,2496,COc1ccc(CN[C@H]2CC2c2ccccc2)c(C)c1
CHEMBL3651138,280.0,6.55,1178,c1ccc(C2C[C@@H]2NCc2cccc3c2OCCCO3)cc1
CHEMBL3651139,300.0,6.52,1550,c1ccc(C2C[C@@H]2NCc2ccc3c(c2)OCCCO3)cc1
CHEMBL3651140,40.0,7.4,270,CC1(C)CCc2cc(CN[C@H]3CC3c3ccccc3)ccc2O1
CHEMBL3651141,70.0,7.15,1662,COc1ccc(CN[C@H]2CC2c2ccccc2)c(C)c1C
CHEMBL3651142,70.0,7.15,2479,COc1cc(C)c(CN[C@H]2CC2c2ccccc2)cc1C
CHEMBL3651143,210.0,6.68,2279,COc1cc(F)c(CN[C@H]2CC2c2ccccc2)cc1OC
CHEMBL3651144,147.0,6.83,1426,COc1cc(CN[C@H]2CC2c2ccccc2)cc(Cl)c1OC
CHEMBL3651145,60.0,7.22,806,COc1ccc(CN[C@H]2CC2c2ccccc2)c(Cl)c1OC
CHEMBL3651146,180.0,6.74,1427,c1ccc(C2C[C@@H]2NCc2ccc3[nH]ccc3c2)cc1
CHEMBL3651147,910.0,6.04,1727,c1ccc(COc2ccc(C3C[C@@H]3NCc3ccccn3)cc2)cc1
CHEMBL3651148,50.0,7.3,1949,COc1ccccc1CN[C@H]1CC1c1ccc(OCc2ccccc2)cc1
CHEMBL3651149,260.0,6.59,807,COc1ccc(C(C)N[C@H]2CC2c2ccccc2)cc1
CHEMBL3651150,210.0,6.68,1953,COc1ccc(C(C)N[C@H]2CC2c2ccccc2)cc1OC
CHEMBL3651151,5.0,8.3,2173,CC(N[C@H]1CC1c1ccccc1)c1ccc2c(c1)OCCO2
CHEMBL3651152,280.0,6.55,571,COc1ccc(CC(C)N[C@H]2CC2c2ccccc2)cc1OC
CHEMBL3651153,14.0,7.85,1486,Cc1noc(CN[C@H]2CC2c2ccccc2)n1
CHEMBL3651561,6000.0,5.22,234,O=C(CN[C@H]1C[C@@H]1c1ccccc1)NC1CC1
CHEMBL3651562,3000.0,5.52,2443,NC(=O)CN[C@H]1C[C@@H]1c1ccccc1
CHEMBL3651563,4070.0,5.39,2045,CC(N[C@H]1C[C@@H]1c1ccccc1)C(=O)NC1CC1
CHEMBL3651564,6000.0,5.22,1140,C#CCNC(=O)CN[C@H]1C[C@@H]1c1ccccc1
CHEMBL3651565,19000.0,4.72,660,CC(C)NC(=O)CN[C@H]1CC1c1ccccc1
CHEMBL3651566,23000.0,4.64,2381,CC(C)(C)NC(=O)CN[C@H]1CC1c1ccccc1
CHEMBL3651567,9000.0,5.05,451,O=C(CN[C@H]1CC1c1ccccc1)N1CCOCC1
CHEMBL3651569,6390.0,5.19,369,CC(N[C@H]1C[C@@H]1c1ccccc1)C(N)=O
CHEMBL3651570,4700.0,5.33,2068,COC(=O)C(C)N[C@H]1C[C@@H]1c1ccccc1
CHEMBL3651571,240.0,6.62,1768,O=C(CN[C@H]1C[C@@H]1c1ccccc1)NCC1CCNCC1
CHEMBL3651572,40.0,7.4,2444,CC(CN(C)C)NC(=O)CN[C@H]1C[C@@H]1c1ccccc1
CHEMBL3651574,221.0,6.66,233,CN(C)[C@H]1CCN(C(=O)CN[C@H]2C[C@@H]2c2ccccc2)C1
CHEMBL3651575,118.0,6.93,1413,CN(C)[C@@H]1CCN(C(=O)CN[C@H]2C[C@@H]2c2ccccc2)C1
CHEMBL3651576,9.0,8.05,1561,N[C@H]1CCN(C(=O)CN[C@H]2C[C@@H]2c2ccccc2)C1
CHEMBL3651577,134.5,6.87,436,O=C(CN[C@H]1C[C@@H]1c1ccccc1)N[C@H]1CCNC1
CHEMBL3651581,350.0,6.46,1327,CN1CCN(C(=O)CN[C@H]2C[C@@H]2c2ccccc2)CC1
CHEMBL3651582,260.0,6.59,2408,CCN1CCN(C(=O)CN[C@H]2C[C@@H]2c2ccccc2)CC1
CHEMBL3651583,1040.0,5.98,0,O=C(CN[C@H]1C[C@@H]1c1ccccc1)N1CCN(Cc2ccccc2)CC1
CHEMBL3651584,1200.0,5.92,1299,O=C(CN[C@H]1C[C@@H]1c1ccccc1)N1CCN(c2ccccc2)CC1
CHEMBL3651585,36.0,7.44,742,CN1CCN(C(=O)CN[C@H]2C[C@@H]2c2ccc(OCc3ccccc3)cc2)CC1
CHEMBL3651586,520.0,6.28,2388,O=C(CN[C@H]1C[C@@H]1c1ccc(OCc2ccccc2)cc1)NC1CC1
CHEMBL3651587,18.0,7.74,1214,CN1CCN(C(=O)CN[C@H]2C[C@@H]2c2ccc(OCc3cccc(F)c3)cc2)CC1
CHEMBL3651588,22.0,7.66,431,CN1CCN(C(=O)CN[C@H]2C[C@@H]2c2ccc(OCc3ccc(F)cc3)cc2)CC1
CHEMBL3651589,47.0,7.33,1704,CN1CCN(C(=O)CN[C@H]2C[C@@H]2c2ccc(OCc3cccc(Cl)c3)cc2)CC1
CHEMBL3651590,25.0,7.6,629,CN1CCN(C(=O)CN[C@H]2C[C@@H]2c2ccc(OCc3cccc(Br)c3)cc2)CC1
CHEMBL3651591,17.0,7.77,520,[C-]#[N+]c1ccc(COc2ccc([C@H]3C[C@@H]3NCC(=O)N3CCN(C)CC3)cc2)cc1
CHEMBL3651592,161.0,6.79,2354,CN1CCN(C(=O)CN[C@H]2C[C@@H]2c2ccc(OCCc3ccccc3)cc2)CC1
CHEMBL3651593,390.0,6.41,1325,CN1CCN(C(=O)CN[C@H]2C[C@@H]2c2ccc(OCc3ccc(-c4ccccc4)cc3)cc2)CC1
CHEMBL3651594,100.0,7.0,920,CN1CCN(C(=O)CN[C@H]2C[C@@H]2c2ccc(-c3ccccc3)cc2)CC1
CHEMBL3651595,43.0,7.37,1418,CN1CCN(C(=O)CN[C@H]2C[C@@H]2c2ccc(-c3cccnc3)cc2)CC1
CHEMBL3651596,25.0,7.6,996,COc1cccc(-c2ccc([C@H]3C[C@@H]3NCC(=O)N3CCN(C)CC3)cc2)c1
CHEMBL3651597,30.0,7.52,628,COc1ccc(-c2ccc([C@H]3C[C@@H]3NCC(=O)N3CCN(C)CC3)cc2)cc1
CHEMBL3651598,26.0,7.59,413,CN1CCN(C(=O)CN[C@H]2C[C@@H]2c2ccc(-c3cccc(C#N)c3)cc2)CC1
CHEMBL3651599,27.0,7.57,1622,CN1CCN(C(=O)CN[C@H]2C[C@@H]2c2ccc(-c3ccc(C#N)cc3)cc2)CC1
CHEMBL3651600,42.0,7.38,2030,CN1CCN(C(=O)CN[C@H]2C[C@@H]2c2ccc(-c3ccc(F)cc3)cc2)CC1
CHEMBL3655319,140.0,6.85,951,CN1CCN(C(=O)CN[C@H]2C[C@@H]2c2ccc(-c3cccc(C(F)(F)F)c3)cc2)CC1
CHEMBL3655320,24.0,7.62,432,CN1CCN(C(=O)CN[C@H]2C[C@@H]2c2ccc(-c3ccc(S(C)(=O)=O)cc3)cc2)CC1
CHEMBL3655321,26.0,7.59,8,CN1CCN(C(=O)CN[C@H]2CC2c2ccc(-c3cc(Cl)cc(Cl)c3)cc2)CC1
CHEMBL3655322,24.0,7.62,1767,CN1CCN(C(=O)CN[C@H]2C[C@@H]2c2ccc(-c3ccc(F)cc3F)cc2)CC1
CHEMBL3655323,135.0,6.87,2247,COc1ccc(-c2ccc([C@H]3C[C@@H]3NCC(=O)N3CCN(C)CC3)cc2)cn1
CHEMBL3655324,29.0,7.54,9,CN1CCN(C(=O)CN[C@H]2C[C@@H]2c2ccc(-c3ccccc3F)cc2)CC1
CHEMBL3655325,124.0,6.91,2203,CN1CCN(C(=O)CN[C@H]2C[C@@H]2c2ccc(OCc3ccc(C(F)(F)F)cc3)cc2)CC1
CHEMBL3655326,160.0,6.8,1142,CN1CCN(C(=O)CN[C@H]2C[C@@H]2c2ccc(-c3ccccc3C(F)(F)F)cc2)CC1
CHEMBL3655327,98.0,7.01,593,CN1CCN(C(=O)CN[C@H]2C[C@@H]2c2ccc(-c3ccc(OC(F)(F)F)cc3)cc2)CC1
CHEMBL3655328,40.0,7.4,950,CN1CCN(C(=O)CN[C@H]2C[C@@H]2c2ccc(-c3cccc(F)c3)cc2)CC1
CHEMBL3655329,134.0,6.87,1289,COc1cc(F)ccc1-c1ccc([C@H]2C[C@@H]2NCC(=O)N2CCN(C)CC2)cc1
CHEMBL3655330,63.0,7.2,469,CN1CCN(C(=O)CN[C@H]2C[C@@H]2c2ccc(-c3ccncc3)cc2)CC1
CHEMBL3655331,21.0,7.68,1320,CN1CCN(C(=O)CN[C@H]2C[C@@H]2c2ccc(-c3cccc(Cl)c3)cc2)CC1
CHEMBL3655332,59.0,7.23,910,CN1CCN(C(=O)CN[C@H]2C[C@@H]2c2ccc(-c3ccc(Cl)cc3)cc2)CC1
CHEMBL3655333,47.0,7.33,2557,COc1ncccc1-c1ccc([C@H]2C[C@@H]2NCC(=O)N2CCN(C)CC2)cc1
CHEMBL3655334,25.0,7.6,2206,CN1CCN(C(=O)CN[C@H]2C[C@@H]2c2ccc(CCc3ccccc3)cc2)CC1
CHEMBL3655335,18.0,7.74,1408,CN1CCN(C(=O)CN[C@H]2C[C@@H]2c2ccc(C3CC3)cc2)CC1
CHEMBL3682528,13.0,7.89,148,O=C(NNC(=O)c1cc(S(=O)(=O)N2CCOCC2)ccc1F)c1ccccc1O
CHEMBL3682530,13.0,7.89,120,C/C(=N\NC(=O)c1cccc(S(=O)(=O)N(C)C)c1)c1cc(Cl)ccc1O
CHEMBL3682535,519.0,6.28,1496,C/C(=N\NC(=O)c1cccc(N2CCOCC2)c1)c1cc(Cl)ccc1O
CHEMBL3682536,28.0,7.55,398,C/C(=N\NC(=O)c1cncc(S(C)(=O)=O)c1)c1cc(Cl)ccc1O
CHEMBL3682537,49.0,7.31,1786,C/C(=N\NC(=O)c1cccc(S(C)(=O)=O)c1)c1cc(Cl)ccc1O
CHEMBL3698280,3300.0,5.48,790,NC1CC1c1ccc(NC(=O)C(Cc2ccccc2)NC(=O)OCc2ccc(Br)cc2)cc1
CHEMBL3698281,34000.0,4.47,269,CN(C(=O)C(Cc1ccccc1)NC(=O)OCc1ccccc1)c1ccc(C2CC2N)cc1
CHEMBL3698282,18000.0,4.74,1288,NC1CC1c1ccc(NC(=O)C(Cc2ccccc2)NC(=O)NCc2ccccc2)cc1
CHEMBL3698283,1300.0,5.89,1857,NC1CC1c1ccc(NC(=O)C(Cc2ccccc2)NC(=O)COc2ccccc2)cc1
CHEMBL3698284,40000.0,4.4,307,NC1CC1c1ccc(NC(=O)C(Cc2c[nH]c3ccccc23)NC(=O)COc2ccccc2)cc1
CHEMBL3735310,2400.0,5.62,774,CN1CCN(C(=O)CNC2CC2c2cccc(O)c2)CC1
CHEMBL3736127,1390.0,5.86,549,CN1CCN(C(=O)CNC2CC2c2cccc(OCC[C@H](NC(=O)c3ccccc3)C(=O)NCc3ccccc3)c2)CC1
CHEMBL3758211,2050.0,5.69,937,N#Cc1ccc(-c2cc(OCC3CCNCC3)cnc2-c2ccccc2)cc1
CHEMBL3758284,9100.0,5.04,530,N#Cc1ccc(-c2ncc(OCC3CCNCC3)nc2-c2ccc(C#N)cc2)cc1
CHEMBL3758340,650.0,6.19,2176,Cc1ccc(-c2ncc(OCC3CCCNC3)cc2-c2ccc(C#N)cc2)cc1
CHEMBL3758396,540.0,6.27,830,N#Cc1ccc(-c2nc(OCC3CCNCC3)cnc2-c2ccc(Br)cc2)cc1
CHEMBL3758402,22300.0,4.65,1001,CCNCc1ccc(-c2cc(OCC3CCNCC3)cnc2-c2ccc(C)cc2)cc1
CHEMBL3758634,46.0,7.34,2054,N#Cc1ccc(-c2cc(OCC3CCNCC3)cnc2-c2ccc(OC(F)(F)F)cc2)cc1
CHEMBL3758636,380.0,6.42,2041,Cc1ccc(-c2ncc(OCC3CCNCC3)cc2-c2ccc(C#N)cc2)cn1
CHEMBL3758664,26200.0,4.58,2413,Brc1ccc(-c2ncc(OCC3CCNCC3)nc2-c2ccc(Br)cc2)cc1
CHEMBL3758747,3200.0,5.49,1132,N#Cc1ccc(-c2cc(OCC3CCNCC3)cnc2-c2cccnc2)cc1
CHEMBL3758821,570.0,6.24,831,N#Cc1ccc(-c2cc(OCC3CCNCC3)cnc2-c2ccc(F)c(F)c2)cc1
CHEMBL3758833,32200.0,4.49,1643,Cc1ccc(-c2ncc(OCC3CCNCC3)nc2-c2ccc(C)cc2)cc1
CHEMBL3758849,220.0,6.66,1011,Cc1ccc(-c2ncc(OCC3CCNCC3)cc2-c2ccc(C#N)cc2F)cc1
CHEMBL3758933,16500.0,4.78,916,N#Cc1ccc(-c2ncc(OCC3CCNCC3)nc2-c2ccc(Br)cc2)cc1
CHEMBL3758988,77.0,7.11,528,CN1CCN(C(=O)CN[C@H]2C[C@@H]2c2ccc(-c3ccc(F)nc3)cc2)CC1
CHEMBL3759070,1800.0,5.74,952,N#Cc1ccc(-c2cc(OCC3CCNCC3)cnc2-c2ccc(F)nc2)cc1
CHEMBL3759088,7600.0,5.12,1731,Cc1ccc(-c2ncc(OCC3CCNCC3)cc2-c2ccc(CN3CCNCC3)cc2)cc1
CHEMBL3759102,88.0,7.06,2183,CC(C)c1ccc(-c2ncc(OCC3CCNCC3)cc2-c2ccc(C#N)cc2)cc1
CHEMBL3759201,29.0,7.54,2039,Cc1ccc(-c2ncc(OCC3CCNCC3)cc2-c2ccc(C#N)cc2)cc1
CHEMBL3759239,62.0,7.21,938,c1ccc([C@H]2C[C@@H]2NCC2CCNCC2)cc1
CHEMBL3759283,4000.0,5.4,582,N#Cc1ccc(-c2cc(OCC3CCNCC3)cnc2-c2ccc(C#N)cc2)cc1
CHEMBL3759351,150.0,6.82,2053,Cc1ccc(-c2ncc(OCC3CCNCC3)cc2-c2ccc(C#N)c(F)c2)cc1
CHEMBL3759462,43800.0,4.36,1730,Cc1ccc(-c2ncc(OCC3CCNCC3)cc2-c2ccc(CN3CCOCC3)cc2)cc1
CHEMBL3759472,5000.0,5.3,1129,N#Cc1ccc(-c2cc(OCC3CCNCC3)cnc2-c2ccncc2)cc1
CHEMBL3759574,2400.0,5.62,2411,N#Cc1ccc(-c2cc(OCC3CCNCC3)cnc2-c2ccsc2)cc1
CHEMBL3759645,4900.0,5.31,657,Cc1ccc(-c2ccc(OCC3CCNCC3)cc2-c2ccc(C#N)cc2)cc1
CHEMBL3759654,740.0,6.13,2385,COc1ccc(-c2ncc(OCC3CCNCC3)cc2-c2ccc(C#N)cc2)cc1
CHEMBL3759797,58.0,7.24,1323,N#Cc1ccc(-c2cc(OCC3CCNCC3)cnc2-c2ccc(C(F)(F)F)cc2)cc1
CHEMBL3759840,47800.0,4.32,2522,c1ccc(-c2ncc(OCC3CCNCC3)nc2-c2ccccc2)cc1
CHEMBL3759861,200.0,6.7,832,CCc1ccc(-c2ncc(OCC3CCNCC3)cc2-c2ccc(C#N)cc2)cc1
CHEMBL3759939,220.0,6.66,1564,N#Cc1ccc(-c2cc(OCC3CCNCC3)cnc2-c2ccc(F)cc2)cc1
CHEMBL3760085,1200.0,5.92,550,N#Cc1ccc(-c2cc(OCC3CCNCC3)cnc2-c2ccc(F)cc2F)cc1
CHEMBL3760091,1200.0,5.92,1766,Cc1ccc(-c2ncc(NCC3CCCNC3)cc2-c2ccc(C#N)cc2)cc1
CHEMBL3760120,800.0,6.1,1851,Cc1cccc(-c2ncc(OCC3CCNCC3)cc2-c2ccc(C#N)cc2)c1
CHEMBL3764353,410.0,6.39,757,O=C(N[C@@H](CCCCNC1CC1c1ccccc1)C(=O)NCc1ccc(Cl)cc1)c1ccc(-c2ccccc2)cc1
CHEMBL3764836,580.0,6.24,1437,O=C(N[C@@H](CCCCNC1CC1c1ccccc1)C(=O)NCc1cccc(C(F)(F)F)c1)c1ccc(-c2ccccc2)cc1
CHEMBL3765529,480.0,6.32,581,O=C(N[C@@H](CCCCNC1CC1c1ccccc1)C(=O)NCc1ccccc1)c1ccc(-c2ccccc2)cc1
CHEMBL3774654,210.0,6.68,1848,Cc1sc(C(=O)Nc2cnn(C)c2)cc1[C@@H]1C[C@H]1NCC1CC1
CHEMBL3775248,240.0,6.62,1540,Cc1nnc(NC(=O)c2cc([C@@H]3C[C@H]3NCC3CC3)cs2)s1
CHEMBL3775312,180.0,6.74,2339,Cc1nnc(NC(=O)c2cc([C@@H]3C[C@H]3NCC3CC3)c(C)s2)s1
CHEMBL3775480,230.0,6.64,1541,Cc1nnc(NC(=O)c2cc([C@@H]3C[C@H]3NC3CCC3)cs2)s1
CHEMBL3775735,1155.0,5.94,2122,O=C(O)c1ccc(CN2CCC(CN[C@H]3C[C@@H]3c3ccccc3)CC2)cc1
CHEMBL3781751,32.5,7.49,876,N[C@H]1CC[C@H](N[C@@H]2C[C@H]2c2ccccc2)CC1
CHEMBL3785141,59.0,7.23,896,NNCCc1ccc(NC(=O)CCCc2ccccc2)cc1
CHEMBL3785355,451.0,6.35,232,O=C(N[C@@H](CCCCN[C@@H]1C[C@H]1c1ccccc1)C(=O)NCc1cccc(Cl)c1)c1ccc(-c2ccccc2)cc1
CHEMBL3785523,6.0,8.22,541,CN1CCC(CN[C@@H]2C[C@H]2c2ccccc2)CC1
CHEMBL3785549,1800.0,5.74,767,CC(C)C[C@H](NC(=O)[C@H](CCC(N)=O)NC(=O)[C@H](CCCCN)NC(=O)[C@H](CCCNC(=N)N)NC(=O)[C@@H]1CCCN1C(=O)[C@H](C)NC(=O)[C@H](CCCCN)NC(=O)CNC(=O)CNC(=O)[C@@H](NC(=O)[C@H](CO)NC(=O)[C@H](CCCCN)NC(=O)[C@H](CCCNC(=N)N)NC(=O)[C@H](C)NC(=O)[C@@H](NC(=O)[C@H](CCC(N)=O)NC(=O)[C@H](CCCCN)NC(=O)[C@@H](NC(=O)[C@H](CCCNC(=N)N)NC(=O)[C@H](C)N)[C@@H](C)O)[C@@H](C)O)[C@@H](C)O)C(=O)N[C@@H](C)C(N)=O
CHEMBL3785550,1020.0,5.99,1080,CC(C)C[C@H](NC(=O)[C@H](Cc1ccccc1)NC(=O)[C@H](CO)NC(=O)[C@H](CCCNC(=N)N)NC(=O)[C@@H]1CCCN1)C(=O)N[C@H](C(=O)N[C@@H](CCCNC(=N)N)C(=O)N[C@@H](CCCCN)C(=O)N1CCC[C@H]1C(N)=O)C(C)C
CHEMBL3785551,10100.0,5.0,1960,CSCCc1nc(-c2cc(N)ccc2Cl)oc1C
CHEMBL3785964,240.0,6.62,1079,CC(C)C[C@H](NC(=O)[C@H](Cc1ccccc1)NC(=O)CNC(=O)[C@H](CCCNC(=N)N)NC(=O)[C@@H]1CCCN1)C(=O)N[C@H](C(=O)N[C@@H](CCCCN)C(=O)N[C@@H](CCCNC(=N)N)C(=O)N[C@@H](CO)C(=O)N[C@@H](CCCCN)C(=O)N[C@@H](CCCCN)C(=O)N[C@@H](CO)C(=O)N[C@H](C(=O)N1CCC[C@H]1C(=O)N[C@H](C(=O)N[C@@H](CO)C(=O)N[C@@H](Cc1ccc(O)cc1)C(=O)N[C@@H](CCCNC(=N)N)C(=O)N[C@H](C(=O)N[C@@H](CCCNC(=N)N)C(N)=O)C(C)C)C(C)C)[C@@H](C)O)C(C)C
CHEMBL3786042,8000.0,5.1,919,CC(C)[C@H](NC(=O)[C@@H](NC(=O)[C@H](CCC(N)=O)NC(=O)[C@H](Cc1ccccc1)NC(=O)[C@H](CO)NC(=O)[C@H](CCCNC(=N)N)NC(=O)[C@@H]1CCCN1)[C@@H](C)O)C(N)=O
CHEMBL3786182,597.8,6.22,242,O=C(O)c1ccc(CN2CCC(CN[C@@H]3C[C@H]3c3ccccc3)CC2)cc1
CHEMBL3786192,6.0,8.22,241,c1ccc(CN2CCC(CN[C@@H]3C[C@H]3c3ccccc3)CC2)cc1
CHEMBL3786209,210.0,6.68,1081,CC(C)C[C@H](NC(=O)[C@H](Cc1ccccc1)NC(=O)[C@H](CO)NC(=O)[C@H](CCCNC(=N)N)NC(=O)[C@@H]1CCCN1)C(=O)N[C@H](C(=O)N[C@@H](CCCNC(=N)N)C(=O)N[C@@H](CCCCN)C(=O)N1CCC[C@H]1C(=O)N[C@@H](CO)C(=O)N[C@@H](CC(=O)O)C(=O)N1CCC[C@H]1C(=O)N[C@@H](CC(N)=O)C(=O)N[C@@H](CCCNC(=N)N)C(=O)N[C@@H](CCCCN)C(=O)N1CCC[C@H]1C(=O)N[C@@H](CC(N)=O)C(=O)N[C@@H](Cc1ccc(O)cc1)C(=O)N[C@@H](CO)C(=O)N[C@@H](CCC(N)=O)C(=O)O)C(C)C
CHEMBL3786232,22000.0,4.66,462,C/C(=C\CC/C(C)=C/C(=O)O)CC/C=C(\C)CCCC(C)C
CHEMBL3786420,2410.0,5.62,2136,Cc1ccc(NC(=O)CCC(=O)OCC(=O)c2ccc(-c3ccccc3)cc2)cc1Cl
CHEMBL3786652,21250.0,4.67,945,CC(C)(C)OC(=O)N[C@@H]1C[C@H]1c1ccc(OC(=O)OC(C)(C)C)cc1
CHEMBL3786908,90000.0,4.05,942,O=S(=O)(c1ccc2[nH]c(Nc3cc(Cl)ccc3O)nc2c1)N1CCOCC1
CHEMBL3787012,2600.0,5.59,1509,CSCC[C@H](NC(=O)[C@H](CO)NC(=O)[C@H](CCCNC(=N)N)NC(=O)[C@@H]1CCCN1)C(=O)N[C@@H](CC(C)C)C(=O)N[C@H](C(N)=O)C(C)C
CHEMBL3787118,28400.0,4.55,925,CC(C)C[C@H](NC(=O)[C@H](Cc1ccccc1)NC(=O)[C@H](CO)NC(=O)[C@H](CCCNC(=N)N)NC(=O)[C@@H]1CCCN1)C(=O)N[C@H](C(N)=O)C(C)C
CHEMBL3787230,5.0,8.3,2258,c1ccc([C@@H]2C[C@H]2NCC2CCNCC2)cc1
CHEMBL3787372,70.0,7.15,465,CC(C)S(=O)(=O)Nc1cccc(-c2ccc([C@H]3C[C@@H]3N)cc2)c1
CHEMBL378900,750.0,6.12,463,N=C(NCCCNCCCCCCCNCCCNC(=N)NC(=N)NCCC(c1ccccc1)c1ccccc1)NC(=N)NCCC(c1ccccc1)c1ccccc1
CHEMBL3805659,3180.0,5.5,1385,C[C@]12CC[C@H]3[C@@H](CC=C4C[C@@H](OC(=O)Cn5cc(CN6C(=O)C(=O)c7c(Cl)ccc(Cl)c76)nn5)CC[C@@]43C)[C@@H]1CCC2=O
CHEMBL3884919,27533.333333333332,4.56,93,CC(C)C[C@@H]1NC(=O)[C@H](Cc2ccccc2)NC(=O)[C@H](CO)NC(=O)[C@H](CCCNC(=N)N)NC(=O)[C@@H]2CCCN2C(=O)OCCSSCCOC(=O)NCCCC[C@@H](C(=O)N2CCC[C@H]2C(N)=O)NC(=O)[C@H](CCCNC(=N)N)NC(=O)[C@H](C(C)C)NC1=O
CHEMBL3900398,41.0,7.39,1275,NC1CCC(N[C@H]2C[C@@H]2c2ccc(-c3cccc(O)c3)s2)CC1
CHEMBL3906257,24.4875,7.61,1363,NC1CCC(N[C@@H]2C[C@H]2c2ccccc2)CC1
CHEMBL3920789,45.0,7.35,1465,NC1CCC(N[C@H]2C[C@]2(F)c2ccccc2)CC1
CHEMBL3920987,89.0,7.05,1633,N[C@H]1CC[C@H](N[C@@H]2C[C@H]2c2ccc(-c3cccc(C(F)(F)F)c3)cc2)CC1
CHEMBL3921314,21.0,7.68,2648,NC1CCC(NC2CC2c2ccc3ccccc3c2)CC1
CHEMBL3922755,37.0,7.43,1581,NC1CCC(NC2CC2c2ccc(C(F)(F)F)cc2)CC1
CHEMBL3926080,230.28571428571428,6.64,290,NC1CCC(N[C@H]2C[C@@H]2c2ccccc2)CC1
CHEMBL3934542,27.0,7.57,2241,Cc1ccccc1C1CC1NC1CCC(N)CC1
CHEMBL3937352,32.0,7.49,607,NC1CCC(N[C@H]2C[C@@H]2c2cnc(-c3cccc(O)c3)s2)CC1
CHEMBL3942207,79.0,7.1,1867,N#Cc1ccccc1S(=O)(=O)Nc1cccc(-c2ncc([C@H]3C[C@@H]3NC3CCC(N)CC3)s2)c1
CHEMBL3946518,36.0,7.44,1594,COc1ccc(C2CC2NC2CCC(N)CC2)cc1
CHEMBL3948048,35.0,7.46,818,NC1CCC(NC2CC2c2ccccc2F)CC1
CHEMBL3951992,22080.0,4.66,1082,NC1CCC(N[C@H]2C[C@@]2(F)c2ccccc2)CC1
CHEMBL3955397,47.0,7.33,1277,CC1(c2ccccc2)CC1NC1CCC(N)CC1
CHEMBL3963765,37.0,7.43,1053,NC1CCC(NC2CC2c2ccc(F)c(F)c2)CC1
CHEMBL3965283,53.0,7.28,2649,N[C@H]1CC[C@@H](N[C@@H]2C[C@H]2c2ccc(-c3cccc(C(F)(F)F)c3)cc2)CC1
CHEMBL3965630,6772.0,5.17,280,NC1CCC(NC2CC2c2ccc(O)cc2)CC1
CHEMBL3967071,34.0,7.47,1411,NC1CCC(N[C@H]2C[C@@H]2c2cncs2)CC1
CHEMBL3989843,25507.69230769231,4.59,126,N[C@@H]1C[C@H]1c1ccccc1.N[C@H]1C[C@@H]1c1ccccc1
CHEMBL399121,78760.0,4.1,346,COc1ccc([C@@H]2CC(=O)c3c(O)cc(O)cc3O2)cc1O
CHEMBL4060903,210.02,6.68,906,N/C(=N\O)c1cccc(/C=C/c2ccc(O)cc2)c1
CHEMBL4060961,30.0,7.52,2300,CSCC[C@H](NC(=O)[C@@H](NC(=O)[C@H](CCCNC(=N)N)NC(=O)[C@@H](N)CO)[C@@H](C)O)C(=O)N[C@@H](CCC(N)=O)C(=O)N[C@H](C(=O)N[C@@H](C)C(=O)N[C@@H](CCCNC(=N)N)C(=O)N[C@@H](CCCCN)C(=O)N[C@@H](CO)C(=O)N[C@H](C(=O)NCC(=O)NCC(=O)N[C@@H](CCCCN)C(=O)N[C@@H](C)C(=O)N1CCC[C@H]1C(=O)N[C@@H](CCCNC(=N)N)C(=O)N[C@@H](CCCCN)C(=O)N[C@@H](CCC(N)=O)C(=O)N[C@@H](CC(C)C)C(N)=O)[C@@H](C)O)[C@@H](C)O
CHEMBL4062278,1780.0,5.75,1028,CN(C)C(=O)COc1cc(C(=O)N2CCC[C@@H](N)C2)nn1-c1ccc(C#N)cc1
CHEMBL4062504,6450.0,5.19,314,CCCn1c(S)nc2c1c(=O)[nH]c(=O)n2C
CHEMBL4062570,3610.0,5.44,761,N/C(=N\O)c1cccc(/C=C/c2ccncc2)c1
CHEMBL4062785,303.5,6.52,1428,Cc1cc(COc2cc(C(=O)N3CCC(N)CC3)nn2-c2ccc(C#N)cc2)on1
CHEMBL4063365,3325.0,5.48,1314,COc1ccc([C@@H]2CN(C(=O)C[C@H]3CC[C@@H](N)CC3)C[C@H]2c2ccc(C#N)cc2)cn1
CHEMBL4063384,3100.0,5.51,359,CC(=O)N1CCc2cc(S(=O)(=O)N(CC(=O)N3CCC(N)CC3)c3ccc(C#N)cc3)ccc21
CHEMBL4063580,800.0,6.1,85,N[C@H]1C[C@]1(F)c1ccc(S(F)(F)(F)(F)F)cc1
CHEMBL4064746,5100.0,5.29,606,Cc1ccc(S(=O)(=O)N(CC(=O)N2CCC(N)CC2)c2ccc(C#N)cc2)cc1
CHEMBL4064882,430.0,6.37,294,COc1cc(NS(=O)(=O)c2ccc3c(c2)cc(C)c(=O)n3C)ccc1-n1nc(C)cc1C
CHEMBL4065043,4000.0,5.4,605,N#Cc1ccc(-n2nc(C(=O)N3CCC[C@@H](N)C3)cc2OC[C@@H]2CCC(=O)N2)cc1
CHEMBL4065771,717.0,6.14,1466,CCCSc1nc(Sc2ccccn2)c2nnn(CCc3cccs3)c2n1
CHEMBL4066130,129.0,6.89,1519,Cn1ncc2cc([C@@H]3CN(C(=O)[C@H]4CC[C@H](CN)CC4)C[C@H]3c3ccc(C#N)cc3)ccc21
CHEMBL4066293,53000.0,4.28,993,COc1ccc([C@@H]2C(=O)N([C@H]3CC[C@H](N)CC3)[C@H]2c2ccc(C#N)cc2)cc1
CHEMBL4066743,178.66666666666666,6.75,305,N#Cc1ccc(-n2nc(C(=O)N3CCC[C@@H](N)C3)cc2OCC(O)C(F)(F)F)cc1
CHEMBL4066749,191.0,6.72,2283,CN[C@@H]1CCCN(C(=O)c2cc(OCc3cc(C)no3)n(-c3ccc(C#N)cc3)n2)C1
CHEMBL4068129,200.0,6.7,395,Cc1ccc(CN(CC(=O)N2CCC(CN)CC2)c2ccc(C#N)cc2)cc1
CHEMBL4068480,758.0,6.12,953,CCCSc1nc(Sc2ccccn2)c2nnn(Cc3ccco3)c2n1
CHEMBL4069461,430.0,6.37,871,Cc1cc(COc2cc(C(=O)N3C[C@@H]4CCCN[C@@H]4C3)nn2-c2ccc(C#N)cc2)on1
CHEMBL4069511,678.0,6.17,1992,C#CCSc1nc(Sc2ccccn2)c2nnn(Cc3ccccc3)c2n1
CHEMBL4069570,739.11,6.13,908,N/C(=N\O)c1ccc(/C=C/c2ccc(O)c(O)c2)cc1
CHEMBL4070601,333.54,6.48,1965,N/C(=N\O)c1cccc(/C=C/c2ccc(O)c(O)c2)c1
CHEMBL4070901,17700.0,4.75,1029,N#Cc1ccc(-n2nc(C(=O)N3CCC[C@@H](N)C3)cc2OCC(N)=O)cc1
CHEMBL4071901,880.0,6.06,401,N#Cc1ccc(N(CC(=O)N2CCC(CN)CC2)Cc2ccc(F)cc2)cc1
CHEMBL4071991,39.5,7.4,2559,Cc1ccc([C@@H]2CN(C(=O)[C@H]3CC[C@H](CN)CC3)C[C@H]2c2ccc(C#N)cc2)cc1
CHEMBL4072238,123.86,6.91,2049,N/C(=N\O)c1ccc(/C=C/c2cc(O)c(O)cc2Br)cc1
CHEMBL4072551,7750.0,5.11,383,Cc1ccc(S(=O)(=O)N(CC(=O)N[C@H]2CN3CCC2CC3)c2ccc(C#N)cc2)cc1
CHEMBL4073334,7750.0,5.11,160,Cc1ccc(S(=O)(=O)N(CC(=O)N2CCC(N(C)C)CC2)c2ccc(C#N)cc2)cc1
CHEMBL4073481,1600.0,5.8,2600,COc1cc(NS(=O)(=O)c2ccc3c(c2)CCN3C(C)=O)ccc1-n1nc(C)cc1C
CHEMBL4073624,855.0,6.07,195,N#Cc1ccc(-n2nc(C(=O)N3CCC[C@@H](N)C3)cc2OCC(=O)N2CCOCC2)cc1
CHEMBL4074323,50.0,7.3,353,CC(C)c1cc(COc2cc(C(=O)N3CCC[C@@H](N)C3)nn2-c2ccc(C#N)cc2)on1
CHEMBL4074334,91.5,7.04,354,Cc1cc(COc2cc(C(=O)N3CC[C@H](N)C3)nn2-c2ccc(C#N)cc2)on1
CHEMBL4074390,960.0,6.02,954,CCCSc1nc(Sc2ccccn2)c2nnn(CC(C)C)c2n1
CHEMBL4074550,660.0,6.18,2099,N#Cc1ccc(N(CC(=O)N2CCC(CN)CC2)Cc2ccc(C(N)=O)cc2)cc1
CHEMBL4074738,1685.0,5.77,1347,Cn1ncc2cc([C@@H]3CN(C(=O)[C@H]4CC[C@@H](N)CC4)C[C@H]3c3ccc(C#N)cc3)ccc21
CHEMBL4075414,9200.0,5.04,794,N[C@H]1C[C@@]1(F)c1cccc(C(F)(F)F)c1
CHEMBL4076163,685.6666666666666,6.16,334,Cc1cc(COc2cc(C(=O)N3CCC[C@@H](N)C3)nn2-c2ccc(C#N)cc2)on1
CHEMBL4077134,19800.0,4.7,1370,Cn1cc2cc(N(CC(=O)N3CCC[C@@H](N)C3)S(=O)(=O)c3ccc(C#N)cc3)ccc2n1
CHEMBL4077730,238.0,6.62,2529,Cc1cc(COc2cc(C(=O)N3CCC[C@@H](N)C3)nn2-c2ccc(C#N)cc2)n(C)n1
CHEMBL4077739,384.5,6.42,982,Cc1cc(COc2cc(C(=O)N3C[C@H]4CCCN[C@H]4C3)nn2-c2ccc(C#N)cc2)on1
CHEMBL4078362,9800.0,5.01,397,Cc1ccc(S(=O)(=O)N(CC(=O)N2CC[C@@H](N)C2)c2ccc(C#N)cc2)cc1
CHEMBL4079000,2600.0,5.59,138,N#Cc1ccc(N(CC(=O)N2CCC(N)CC2)Cc2ccccc2)cc1
CHEMBL4079376,1080.7150000000001,5.97,146,C#CCSc1nc(NNC(N)=S)c(C#N)c(-c2ccc(C(C)C)cc2)n1
CHEMBL4079589,8200.0,5.09,1898,N[C@H]1C[C@]1(F)c1cccc(C(F)(F)F)c1
CHEMBL4079604,17300.0,4.76,829,Cc1ccc(S(=O)(=O)N(CC(=O)N2CCC[C@H](N)C2)c2ccc(C#N)cc2)cc1
CHEMBL4079770,870.0,6.06,1709,CNC[C@H]1CC[C@H](C(=O)N2C[C@@H](c3ccc(C#N)cc3)[C@H](c3ccc4c(cnn4C)c3)C2)CC1
CHEMBL4079847,1715.0,5.77,1530,Cc1ccc([C@@H]2CN(C(=O)[C@@H]3CCC[C@@H](N)C3)C[C@H]2c2ccc(C#N)cc2)cc1
CHEMBL4079933,500.0,6.3,1733,COc1ccc(CN(CC(=O)N2CCC(N)CC2)c2ccc(C#N)cc2)cc1F
CHEMBL4080173,715.0,6.15,121,Cc1cc(COc2cc(C(=O)N3CCCC(N4CCCC4)C3)nn2-c2ccc(C#N)cc2)on1
CHEMBL4080291,391.15,6.41,1525,N/C(=N\O)c1ccc(/C=C/c2ccc(O)cc2)cc1
CHEMBL4080345,1400.0,5.85,358,CSCC[C@H](NC(=O)[C@@H](NC(=O)[C@H](CCCNC(=N)N)NC(=O)[C@H](C)N)[C@@H](C)O)C(=O)N[C@@H](CCC(N)=O)C(=O)N[C@H](C(=O)N[C@@H](C)C(=O)N[C@@H](CCCNC(=N)N)C(=O)N[C@@H](CCCCN)C(=O)N[C@@H](CO)C(=O)N[C@H](C(=O)NCC(=O)NCC(=O)N[C@@H](CCCCN)C(=O)N[C@@H](C)C(=O)N1CCC[C@H]1C(=O)N[C@@H](CCCNC(=N)N)C(=O)N[C@@H](CCCCNC(=O)CO)C(=O)N[C@@H](CCC(N)=O)C(=O)N[C@@H](CC(C)C)C(N)=O)[C@@H](C)O)[C@@H](C)O
CHEMBL4080504,6700.0,5.17,2302,N[C@H]1C[C@]1(F)c1cccc(F)c1
CHEMBL4081219,2590.0,5.59,905,N/C(=N\O)c1cccc(/C=C/c2cc(O)cc(O)c2)c1
CHEMBL4082476,470.0,6.33,1351,Cc1ccc([C@@H]2CN(C(=O)C[C@H]3CC[C@H](N)CC3)C[C@H]2c2ccc(C#N)cc2)cc1
CHEMBL4082935,475.0,6.32,196,Cc1cc(COc2cc(C(=O)N3CCC(CN)CC3)nn2-c2ccc(C#N)cc2)on1
CHEMBL4083030,7750.0,5.11,193,Cc1ccc(S(=O)(=O)N(CC(=O)N2C[C@@H]3C[C@H]2CN3)c2ccc(C#N)cc2)cc1
CHEMBL4083113,6300.0,5.2,2264,CSCC[C@H](NC(=O)[C@@H](NC(=O)[C@H](CCCNC(=N)N)NC(=O)[C@@H](N)CCO)[C@@H](C)O)C(=O)N[C@@H](CCC(N)=O)C(=O)N[C@H](C(=O)N[C@@H](C)C(=O)N[C@@H](CCCNC(=N)N)C(=O)N[C@@H](CCCCN)C(=O)N[C@@H](CO)C(=O)N[C@H](C(=O)NCC(=O)NCC(=O)N[C@@H](CCCCN)C(=O)N[C@@H](C)C(=O)N1CCC[C@H]1C(=O)N[C@@H](CCCNC(=N)N)C(=O)N[C@@H](CCCCN)C(=O)N[C@@H](CCC(N)=O)C(=O)N[C@@H](CC(C)C)C(=O)N[C@@H](CCCCNC(=O)[C@@H](N)CCO)C(N)=O)[C@@H](C)O)[C@@H](C)O
CHEMBL4083732,3850.0,5.41,1372,Cc1ccc(S(=O)(=O)N(CC(=O)N2CCC(C)(N)CC2)c2ccc(C#N)cc2)cc1
CHEMBL4083895,4100.0,5.39,715,N[C@H]1C[C@@]1(F)c1cccc(F)c1
CHEMBL4083993,9950.0,5.0,2205,CC(Oc1cc(C(=O)N2CCC[C@@H](N)C2)nn1-c1ccc(C#N)cc1)C(N)=O
CHEMBL4084823,610.0,6.21,1474,COc1ccc(CN(CC(=O)N2CCC(F)(CN)CC2)c2ccc(C#N)cc2)cc1F
CHEMBL4084845,115.33333333333333,6.94,293,Cc1ccc(-c2ncc(OC[C@H]3CCNC3)cc2-c2ccc(C#N)cc2)cc1
CHEMBL4085006,5350.0,5.27,793,COc1ccc([C@@H]2CN(C(=O)CC3CCCNC3)C[C@H]2c2ccc(C#N)cc2)cn1
CHEMBL4085581,435.0,6.36,869,Cn1cnc(COc2cc(C(=O)N3CCC[C@@H](N)C3)nn2-c2ccc(C#N)cc2)n1
CHEMBL4085763,290.0,6.54,1443,CSCC[C@H](NC(=O)[C@@H](NC(=O)[C@H](CCCNC(=N)N)NC(=O)[C@@H](N)CO)[C@@H](C)O)C(=O)N[C@@H](CCC(N)=O)C(=O)N[C@H](C(=O)N[C@@H](C)C(=O)N[C@@H](CCCNC(=N)N)C(=O)N[C@@H](CCCCN)C(=O)N[C@@H](CO)C(=O)N[C@H](C(=O)NCC(=O)NCC(=O)N[C@@H](CCCCN)C(=O)N[C@@H](C)C(=O)N1CCC[C@H]1C(=O)N[C@@H](CCCNC(=N)N)C(=O)N[C@@H](CCCCN)C(=O)N[C@@H](CCC(N)=O)C(=O)N[C@@H](CC(C)C)C(=O)N[C@@H](C)C(=O)N[C@H](C(=O)N[C@@H](CCCCNC(=O)[C@@H](N)CO)C(N)=O)[C@@H](C)O)[C@@H](C)O)[C@@H](C)O
CHEMBL4086227,11050.0,4.96,795,Cc1ccc(S(=O)(=O)N(CC(=O)NC2CCNCC2)c2ccc(C#N)cc2)cc1
CHEMBL4087193,685.0,6.16,2679,CCCSc1nc(Sc2ccccn2)c2nnn(Cc3ccccc3)c2n1
CHEMBL4087724,340.0,6.47,1529,Cc1ccc([C@@H]2CN(C(=O)CC3CCCNC3)C[C@H]2c2ccc(C#N)cc2)cc1
CHEMBL4087810,865.0,6.06,396,Cc1ccc(CN(CC(=O)N2CCC(N)CC2)c2ccc(C#N)cc2)cc1
CHEMBL4088035,146.0,6.84,1281,CC(C)(O)CCOc1cc(C(=O)N2CCC[C@@H](N)C2)nn1-c1ccc(C#N)cc1
CHEMBL4088045,116.0,6.94,333,Cc1cc(COc2cc(C(=O)N3CCC[C@H](N)C3)nn2-c2ccc(C#N)cc2)on1
CHEMBL4088116,30000.0,4.52,1177,COc1cc(/C=C/C(=O)Nc2ccccc2)ccc1O
CHEMBL4088366,1200.0,5.92,2161,COc1cccc([C@@]2(F)C[C@@H]2N)c1
CHEMBL4089024,557.0,6.25,2678,Cc1cc(NNC(=O)c2cnccn2)n2nc(SCc3nc4ccccc4[nH]3)nc2n1
CHEMBL4089088,192.93,6.71,786,N/C(=N\O)c1cccc(/C=C/c2cc(O)c(O)cc2F)c1
CHEMBL4089148,380.0,6.42,2472,CSCC[C@H](NC(=O)[C@@H](NC(=O)[C@H](CCCNC(=N)N)NC(=O)[C@@H](N)CO)[C@@H](C)O)C(=O)N[C@@H](CCC(N)=O)C(=O)N[C@H](C(=O)N[C@@H](C)C(=O)N[C@@H](CCCNC(=N)N)C(=O)N[C@@H](CCCCN)C(=O)N[C@@H](CO)C(=O)N[C@H](C(=O)NCC(=O)NCC(=O)N[C@@H](CCCCN)C(=O)N[C@@H](C)C(=O)N1CCC[C@H]1C(=O)N[C@@H](CCCNC(=N)N)C(=O)N[C@@H](CCCCNC(=O)[C@@H](N)CO)C(=O)N[C@@H](CCC(N)=O)C(=O)N[C@@H](CC(C)C)C(N)=O)[C@@H](C)O)[C@@H](C)O
CHEMBL4089321,26482.5,4.58,144,C#CCSc1nc(Cl)c(C#N)c(-c2ccc(C(C)C)cc2)n1
CHEMBL4090528,564.0,6.25,895,c1ccc(CSc2nc(Sc3ccccn3)c3nnn(Cc4ccccc4)c3n2)cc1
CHEMBL4090728,40.0,7.4,399,CSCC[C@H](NC(=O)[C@@H](NC(=O)[C@H](CCCNC(=N)N)NC(=O)[C@@H](C)N)[C@H](C)O)C(=O)N[C@@H](CCC(N)=O)C(=O)N[C@H](C(=O)N[C@@H](C)C(=O)N[C@@H](CCCNC(=N)N)C(=O)N[C@@H](CCCCN)C(=O)N[C@@H](CO)C(=O)N[C@H](C(=O)NCC(=O)NCC(=O)N[C@@H](CCCCN)C(=O)N[C@@H](C)C(=O)N1CCC[C@H]1C(=O)N[C@@H](CCCNC(=N)N)C(=O)N[C@@H](CCCCN)C(=O)N[C@@H](CCC(N)=O)C(=O)N[C@@H](CC(C)C)C(=O)N[C@@H](C)C(N)=O)[C@H](C)O)[C@H](C)O
CHEMBL4090735,1355.0,5.87,1734,Cc1cc(COc2cc(C(=O)N3CC[C@@H](F)[C@@H](N)C3)nn2-c2ccc(C#N)cc2)on1
CHEMBL4091505,245.8,6.61,489,N/C(=N\O)c1cccc(/C=C/c2ccc(O)c(F)c2)c1
CHEMBL4092725,865.0,6.06,366,CC(O)COc1cc(C(=O)N2CCC[C@@H](N)C2)nn1-c1ccc(C#N)cc1
CHEMBL4092760,179.0,6.75,1316,CNC[C@H]1CC[C@H](C(=O)N2C[C@@H](c3ccc(C)cc3)[C@H](c3ccc(C#N)cc3)C2)CC1
CHEMBL4093001,197.06,6.71,2705,N/C(=N\O)c1ccc(/C=C/c2cc(O)c(O)cc2F)cc1
CHEMBL4093280,90000.0,4.05,2278,Cc1ccc(S(=O)(=O)N(CC(=O)Nc2cccnc2)c2ccc(C#N)cc2)cc1
CHEMBL4093330,765.0,6.12,1498,Cc1nnc(COc2cc(C(=O)N3CCC[C@@H](N)C3)nn2-c2ccc(C#N)cc2)o1
CHEMBL4093703,3200.0,5.49,1520,Cn1ncc2cc([C@@H]3CN(C(=O)c4ccc(CN)cc4)C[C@H]3c3ccc(C#N)cc3)ccc21
CHEMBL4093998,3800.0,5.42,2117,CC(=O)N1CCc2cc(S(=O)(=O)N(CC(=O)N3CCC[C@@H](N)C3)c3ccc(C#N)cc3)ccc21
CHEMBL4094875,1153.0,5.94,2293,CCCSc1nc(Sc2ccccn2)c2nnn(C3CCCC3)c2n1
CHEMBL4095018,1456.0,5.84,740,COc1ccc(CN(CC(=O)N2CCC(CN)CC2)c2ccc(C#N)cc2)cc1F
CHEMBL4095185,4883.26,5.31,1819,C#CCSc1nc(NNC(N)=O)c(C#N)c(-c2ccc(C(C)C)cc2)n1
CHEMBL4095517,345.0,6.46,680,N#Cc1ccc(N(CC(=O)N2CCC(CN)CC2)Cc2ccc(Cl)cc2)cc1
CHEMBL4095757,1460.0,5.84,332,Cn1ncnc1COc1cc(C(=O)N2CCC[C@@H](N)C2)nn1-c1ccc(C#N)cc1
CHEMBL4095768,368.5,6.43,872,Cc1cc(COc2cc(C(=O)N3CCCC(N(C)C)C3)nn2-c2ccc(C#N)cc2)on1
CHEMBL4095820,2633.0,5.58,1923,CCCSc1nc(Sc2ccccn2)c2nnn(CCO)c2n1
CHEMBL4096682,670.0,6.17,874,CCN(CC)C1CCN(C(=O)c2cc(OCc3cc(C)no3)n(-c3ccc(C#N)cc3)n2)C1
CHEMBL4096854,9800.0,5.01,357,CSCC[C@H](NC(=O)[C@@H](NC(=O)[C@H](CCCNC(=N)N)NC(=O)[C@H](C)N)[C@@H](C)O)C(=O)N[C@@H](CCC(N)=O)C(=O)N[C@H](C(=O)N[C@@H](C)C(=O)N[C@@H](CCCNC(=N)N)C(=O)N[C@@H](CCCCN)C(=O)N[C@@H](CO)C(=O)N[C@H](C(=O)NCC(=O)NCC(=O)N[C@@H](CCCCNC(=O)CO)C(=O)N[C@@H](C)C(=O)N1CCC[C@H]1C(=O)N[C@@H](CCCNC(=N)N)C(=O)N[C@@H](CCCCN)C(=O)N[C@@H](CCC(N)=O)C(=O)N[C@@H](CC(C)C)C(N)=O)[C@@H](C)O)[C@@H](C)O
CHEMBL4097636,9200.0,5.04,1366,Cc1ccc(S(=O)(=O)N(CC(=O)N2CCC[C@@H](N)C2)c2ccc(C#N)cc2)cc1
CHEMBL4097870,2405.0,5.62,1349,Cc1ccc([C@@H]2CN(C(=O)C3CCNCC3)C[C@H]2c2ccc(C#N)cc2)cc1
CHEMBL4097953,3700.0,5.43,828,N#Cc1ccc(N(CC(=O)N2CCC(N)CC2)Cc2ccc(C#N)c(F)c2)cc1
CHEMBL4098092,154.0,6.81,1066,Cc1cc(NNC(N)=S)n2nc(SCc3ccccc3)nc2n1
CHEMBL4098523,6800.0,5.17,2055,N[C@H]1C[C@]1(F)c1cccc([N+](=O)[O-])c1
CHEMBL4098894,710.0,6.15,770,N#Cc1ccc(N(CC(=O)N2CCC(CN)CC2)Cc2cccc(C(N)=O)c2)cc1
CHEMBL4099019,1190.0,5.92,2632,Cc1cc(NNC(=O)c2cnccn2)n2nc(SCc3ccccc3)nc2n1
CHEMBL4099241,121.23,6.92,189,N/C(=N\O)c1cccc(/C=C/c2cc(O)c(O)cc2Br)c1
CHEMBL4100318,9500.0,5.02,679,CC(=O)Nc1ccc(S(=O)(=O)Nc2ccc(C#N)cc2)cc1
CHEMBL4100451,2375.0,5.62,26,N#Cc1ccc(-n2nc(C(=O)N3CCC[C@@H](N)C3)cc2OC[C@H]2CCC(=O)N2)cc1
CHEMBL4100487,370.5,6.43,983,Cc1ccc([C@@H]2CN(C(=O)C[C@H]3CC[C@@H](N)CC3)C[C@H]2c2ccc(C#N)cc2)cc1
CHEMBL4100915,857.3333333333334,6.07,2476,N#Cc1ccc(-n2nc(C(=O)N3CCC[C@@H](N)C3)cc2OCc2ccccn2)cc1
CHEMBL4101011,8850.0,5.05,1367,Cc1ccc(S(=O)(=O)N(CC(=O)N[C@@H]2CN3CCC2CC3)c2ccc(C#N)cc2)cc1
CHEMBL4101067,206.66666666666666,6.68,873,CCc1cc(COc2cc(C(=O)N3CCC[C@@H](N)C3)nn2-c2ccc(C#N)cc2)on1
CHEMBL4101077,785.0,6.11,1644,Cc1cc(COc2cc(C(=O)N3CC[C@@H](N)C3)nn2-c2ccc(C#N)cc2)on1
CHEMBL4101423,3100.0,5.51,325,Cn1ncc2cc([C@@H]3CN(C(=O)[C@H]4CC[C@H](N)CC4)C[C@H]3c3ccc(C#N)cc3)ccc21
CHEMBL4101729,5200.0,5.28,1981,CNC1CCN(C(=O)CN(c2ccc(C#N)cc2)S(=O)(=O)c2ccc(C)cc2)CC1
CHEMBL4102632,13700.0,4.86,1373,Cc1ccc(S(=O)(=O)N(CC(=O)N2CC[C@H](N)C2)c2ccc(C#N)cc2)cc1
CHEMBL4102775,261.6666666666667,6.58,60,COc1ccc(CN(CC(=O)N2CCC3(CC2)CNC3)c2ccc(C#N)cc2)cc1F
CHEMBL4103264,380.0,6.42,824,Cn1ncc2cc(CN(CC(=O)N3CCC(N)CC3)c3ccc(C#N)cc3)ccc21
CHEMBL4103503,214.66666666666666,6.67,1593,Cc1nc(COc2cc(C(=O)N3CCC[C@@H](N)C3)nn2-c2ccc(C#N)cc2)no1
CHEMBL4103690,60.0,7.22,771,CSCC[C@H](NC(=O)[C@@H](NC(=O)[C@H](CCCNC(=N)N)NC(=O)[C@@H](N)CO)[C@@H](C)O)C(=O)N[C@@H](CCC(N)=O)C(=O)N[C@H](C(=O)N[C@@H](C)C(=O)N[C@@H](CCCNC(=N)N)C(=O)N[C@@H](CCCCN)C(=O)N[C@@H](CO)C(=O)N[C@H](C(=O)NCC(=O)NCC(=O)N[C@@H](CCCCN)C(=O)N[C@@H](C)C(=O)N1CCC[C@H]1C(=O)N[C@@H](CCCNC(=N)N)C(=O)N[C@@H](CCCCN)C(=O)N[C@@H](CCC(N)=O)C(=O)N[C@@H](CC(C)C)C(=O)N[C@@H](CCCCNC(=O)[C@@H](N)CO)C(N)=O)[C@@H](C)O)[C@@H](C)O
CHEMBL4103844,8400.0,5.08,2181,N[C@H]1C[C@]1(F)c1cccc(S(F)(F)(F)(F)F)c1
CHEMBL4104027,38000.0,4.42,2427,Cc1ccc([C@@H]2C(=O)N([C@H]3CC[C@H](N)CC3)[C@H]2c2ccc(C#N)cc2)cc1
CHEMBL4104407,128.5,6.89,1429,Cc1cc(COc2cc(C(=O)N3CCOC(CN)C3)nn2-c2ccc(C#N)cc2)on1
CHEMBL4104513,492.58,6.31,1054,N/C(=N\O)c1ccc(/C=C/c2ccc(O)c(F)c2)cc1
CHEMBL4105288,98.0,7.01,814,CSCC[C@H](NC(=O)[C@@H](NC(=O)[C@H](CCCNC(=N)N)NC(=O)[C@H](C)N)[C@@H](C)O)C(=O)N[C@@H](CCC(N)=O)C(=O)N[C@H](C(=O)N[C@@H](C)C(=O)N[C@@H](CCCNC(=N)N)C(=O)N[C@@H](CCCCN)C(=O)N[C@@H](CO)C(=O)N[C@H](C(=O)NCC(=O)NCC(=O)N[C@@H](CCCCN)C(=O)N[C@@H](C)C(=O)N1CCC[C@H]1C(=O)N[C@@H](CCCNC(=N)N)C(=O)N[C@@H](CCCCN)C(=O)N[C@@H](CCC(N)=O)C(=O)N[C@@H](CC(C)C)C(N)=O)[C@@H](C)O)[C@@H](C)O
CHEMBL4105603,570.0,6.24,700,Cc1ccc([C@@H]2CN(C(=O)CC3CCNCC3)C[C@H]2c2ccc(C#N)cc2)cc1
CHEMBL4106496,42.0,7.38,820,Cc1cccc(CNc2ccc([C@H]3C[C@@H]3NC3CCC(N)CC3)cn2)c1
CHEMBL4106580,19.0,7.72,277,NC1CCC(N[C@H]2C[C@@H]2c2ccc(-c3cccc(NS(=O)(=O)N4CCNCC4)c3)cc2)CC1
CHEMBL4106824,51.0,7.29,817,NC1CCC(N[C@H]2C[C@@H]2c2ccc(Br)cc2)CC1
CHEMBL4106910,31070.0,4.51,77,CC(C)(C)OC(=O)NC1CCC(N[C@H]2C[C@@H]2c2ccccc2)CC1
CHEMBL4107028,94.0,7.03,2062,N[C@H]1CC[C@H](N[C@H]2C[C@@H]2c2ccc(-c3cccc(C(F)(F)F)c3)cc2)CC1
CHEMBL4107247,45.0,7.35,13,NC1CCCC(N[C@H]2C[C@@H]2c2ccccc2)C1
CHEMBL4107327,1330.0,5.88,1868,c1ccc([C@H]2C[C@@H]2NC2CCC(N3CCOCC3)CC2)cc1
CHEMBL4107337,62.0,7.21,1276,N#Cc1ccccc1S(=O)(=O)Nc1cccc(-c2ccc([C@H]3C[C@@H]3NC3CCC(N)CC3)cc2)c1
CHEMBL4107618,65.5,7.18,1430,N[C@@H]1CCN(C2CCC(N[C@H]3C[C@@H]3c3ccccc3)CC2)C1
CHEMBL4109558,33.0,7.48,1313,NC1CCC(N[C@H]2C[C@@H]2c2ccc(OCc3cccc(N4CCNCC4)c3)cc2)CC1
CHEMBL4110167,476.0,6.32,132,CC(=O)NC1CCC(N[C@H]2C[C@@H]2c2ccc(-c3cccc(C(F)(F)F)c3)nc2)CC1
CHEMBL4110561,83.0,7.08,2000,Cc1ccc(-c2ccc([C@H]3C[C@@H]3NC3CCC(N)CC3)cn2)cc1O
CHEMBL4110665,34.0,7.47,819,NC1CCC(N[C@H]2C[C@@H]2c2ccc(C3CC3)cc2)CC1
CHEMBL4110798,5705.0,5.24,1462,CCNC(=O)NC1CCC(N[C@H]2C[C@@H]2c2ccccc2)CC1
CHEMBL4110837,47.0,7.33,825,NC1CCC(N[C@H]2C[C@@H]2c2ccc(-c3cccnc3)cc2)CC1
CHEMBL4110912,62.0,7.21,30,NCC1CCC(N[C@H]2C[C@@H]2c2ccccc2)CC1
CHEMBL4111141,128.0,6.89,1629,N[C@@H]1CCN(C2CCC(N[C@H]3C[C@@H]3c3ccc(-c4cccc(C(F)(F)F)c4)cc3)CC2)C1
CHEMBL4111253,12.0,7.92,2255,NC1CCC(N[C@H]2C[C@@H]2c2ccc(OCc3ccccc3F)cc2)CC1
CHEMBL4111335,94.0,7.03,1628,NC1CCC(N[C@H]2C[C@@H]2c2ccc(OCc3cccnc3)cc2)CC1
CHEMBL4111997,340.5,6.47,1578,OC1CCC(N[C@H]2C[C@@H]2c2ccc(-c3cccc(C(F)(F)F)c3)nc2)CC1
CHEMBL4112191,27.0,7.57,1464,NC1CCC(N[C@H]2C[C@@H]2c2ccc(-c3ccc4cn[nH]c4c3)cc2)CC1
CHEMBL4113126,138.0,6.86,711,COc1cc(C#N)cc(-c2ccc([C@H]3C[C@@H]3NC3CCC(N)CC3)cn2)c1
CHEMBL4113398,27.0,7.57,2366,COc1ccc(NS(C)(=O)=O)cc1-c1ccc([C@H]2C[C@@H]2NC2CCC(N)CC2)cc1
CHEMBL4113453,68.0,7.17,279,NC1CC(N[C@H]2C[C@@H]2c2ccccc2)C1
CHEMBL4113677,69.0,7.16,2618,NC1CCC(N[C@H]2C[C@@H]2c2cccnc2)CC1
CHEMBL4113760,70.5,7.15,221,NC(=O)C1CCC(N[C@H]2C[C@@H]2c2ccc(-c3cccc(C(F)(F)F)c3)nc2)CC1
CHEMBL4113794,40.0,7.4,1998,NC1CCC(N[C@H]2C[C@@H]2c2ccc(OCc3ccccc3)cc2)CC1
CHEMBL4113798,148.0,6.83,1999,CC1(N)CCC(N[C@H]2C[C@@H]2c2ccccc2)CC1
CHEMBL4113884,34.0,7.47,1579,NC1CC(N[C@H]2C[C@@H]2c2ccccc2)c2ccccc21
CHEMBL4113904,48.0,7.32,192,NC1CCC(N[C@H]2C[C@@H]2c2ccc(-c3cccc(C(F)(F)F)c3)cc2)CC1
CHEMBL4114223,30.0,7.52,608,Nc1ccc(S(=O)(=O)Nc2cccc(-c3ccc([C@H]4C[C@@H]4NC4CCC(N)CC4)cc3)c2)cn1
CHEMBL4114538,66.0,7.18,2374,CNC1CCC(N[C@H]2C[C@@H]2c2ccccc2)CC1
CHEMBL4114573,54.0,7.27,2134,N#Cc1cccc(Nc2ccc([C@H]3C[C@@H]3NC3CCC(N)CC3)cn2)c1
CHEMBL4114926,22.0,7.66,488,NC1CCC(N[C@H]2C[C@@H]2c2ccc(-c3ccn[nH]3)cc2)CC1
CHEMBL4114950,86.0,7.07,281,N[C@H]1CC[C@@H](N[C@H]2C[C@@H]2c2ccc(-c3cccc(C(F)(F)F)c3)cc2)CC1
CHEMBL4115421,334.0,6.48,835,NC1CCC(N[C@H]2C[C@@H]2c2ccc(-c3cccc(C(F)(F)F)c3)nc2)CC1
CHEMBL4115532,348.0,6.46,133,CS(=O)(=O)NC1CCC(N[C@H]2C[C@@H]2c2ccc(-c3cccc(C(F)(F)F)c3)nc2)CC1
CHEMBL4115673,53.0,7.28,2375,NC1CCC(N[C@@H]2C[C@@H]2c2ccccc2)CC1
CHEMBL4160042,76.0,7.12,2323,Cl.c1ccc2c(c1)C[C@H]1[C@@H]2[C@@H]1NCC1CCNCC1
CHEMBL4161508,8800.0,5.06,846,Cl.N[C@@H]1[C@H]2Cc3ccccc3[C@H]21
CHEMBL4162107,15.0,7.82,928,COc1ccc(-n2cc(-c3cccc(N)c3C)c3cc(C#N)ccc32)cc1
CHEMBL4162448,270.0,6.57,2037,Cl.N[C@H]1CC[C@H](N[C@@H]2[C@H]3Cc4ccccc4[C@H]32)CC1
CHEMBL4162637,7160.0,5.15,2351,Nc1ccccc1NC(=O)c1ccc(CNC2CC2c2ccccc2)cc1
CHEMBL4163180,4.0,8.4,2,Cc1cc2c(cc1C#N)c(-c1cccc(N)c1C)cn2[C@H]1C[C@@H](O)C1
CHEMBL4163599,8900.0,5.05,2057,Cl.N[C@@H]1[C@@H]2Cc3ccccc3[C@H]12
CHEMBL4166013,6450.0,5.19,47,Cl.N[C@H]1[C@H]2Cc3ccccc3[C@@H]12
CHEMBL4166084,2210.0,5.66,2191,O=C(/C=C/c1ccc(CNC2CC2c2ccccc2)cc1)NO
CHEMBL4166129,17.0,7.77,2189,Cl.N[C@H]1CC[C@@H](N[C@@H]2[C@H]3Cc4ccccc4[C@H]32)CC1
CHEMBL4166366,1870.0,5.73,1135,Cl.N[C@H]1[C@H]2Cc3cc(-c4ccccc4)ccc3[C@@H]12
CHEMBL4166524,1090.0,5.96,2038,Cl.N[C@@H]1[C@H]2Cc3cc(-c4ccc(F)cc4)ccc3[C@H]21
CHEMBL4166623,3.0,8.52,1279,Cc1cc2c(cc1C#N)c(-c1cccc(N)c1C)cn2[C@@H]1CC[C@@H](O)C1
CHEMBL4166776,880.0,6.06,2142,Cl.N[C@@H]1[C@H]2Cc3cc(-c4ccccc4)ccc3[C@H]21
CHEMBL4169910,4090.0,5.39,936,O=C(NO)c1ccc(CNC2CC2c2ccccc2)cc1
CHEMBL4170038,9.0,8.05,691,COc1ccc(-n2cc(-c3cncc(N)c3C)c3cc(C#N)ccc32)cc1
CHEMBL4170181,4070.0,5.39,1280,Cl.N[C@@H]1[C@H]2Cc3cc(Br)ccc3[C@H]21
CHEMBL4170367,2.9000000000000004,8.54,551,Cl.N[C@H]1CC[C@H](N[C@H]2[C@H]3Cc4ccccc4[C@H]32)CC1
CHEMBL4170687,21.0,7.68,668,Cl.c1ccc2c(c1)C[C@@H]1[C@H](NCC3CCNCC3)[C@H]21
CHEMBL4171003,1990.0,5.7,625,Cl.N[C@H]1[C@H]2Cc3cc(-c4ccc(F)cc4)ccc3[C@@H]12
CHEMBL4171896,490.0,6.31,2190,COc1ncccc1CN[C@H]1[C@H]2Cc3ccccc3[C@H]21.Cl
CHEMBL4173338,1200.0,5.92,1748,O=C(CCCCCCNC(=O)c1ccc(CNC2(c3ccccc3)CC2)cc1)NO
CHEMBL4173886,3.0,8.52,1402,Cc1cc2c(cc1C#N)c(-c1cccc(N)c1C)cn2[C@H]1CC[C@H](O)CC1
CHEMBL4174280,1300.0,5.89,2568,COc1ncccc1CN[C@@H]1[C@H]2Cc3ccccc3[C@H]21.Cl
CHEMBL4174674,5950.0,5.23,282,Cl.N[C@H]1[C@H]2Cc3cc(Br)ccc3[C@@H]12
CHEMBL4175342,24900.0,4.6,1360,Cl.Fc1ncccc1CN[C@H]1[C@H]2Cc3ccccc3[C@H]21
CHEMBL4175912,4.0,8.4,792,CN[C@H]1CC[C@@H](n2cc(-c3cccc(N)c3C)c3cc(C#N)c(C)cc32)CC1
CHEMBL4176623,7300.0,5.14,2152,Cl.N[C@H]1[C@@H]2Cc3ccccc3[C@H]12
CHEMBL4176702,3850.0,5.41,2569,Nc1ccccc1NC(=O)/C=C/c1ccc(CNC2CC2c2ccccc2)cc1
CHEMBL4176756,5.45,8.26,1440,Cl.N[C@H]1CC[C@@H](N[C@H]2[C@H]3Cc4ccccc4[C@H]32)CC1
CHEMBL4202897,350.26,6.46,597,C/C(=N\NC(=O)CN[C@@H]1C[C@H]1c1ccc(F)c(F)c1)c1ccc([N+](=O)[O-])cc1
CHEMBL4203515,253.6,6.6,2218,CCN(CC)c1ccc(/C=N/NC(=O)CN[C@@H]2C[C@H]2c2ccc(F)c(F)c2)cc1
CHEMBL4203790,224.11,6.65,2261,C/C(=N\NC(=O)CN[C@@H]1C[C@H]1c1ccc(F)c(F)c1)c1ccc(Cl)cc1
CHEMBL4204049,91.83,7.04,249,CCN(CC)c1ccc(/C=N/NC(=O)CN[C@@H]2C[C@H]2c2ccc(F)c(F)c2)c(O)c1
CHEMBL4205178,201.23,6.7,1620,C/C(=N\NC(=O)CN[C@@H]1C[C@H]1c1ccc(F)c(F)c1)c1ccccc1
CHEMBL4206303,455.51,6.34,621,O=C(CN[C@@H]1C[C@H]1c1ccc(F)c(F)c1)N/N=C/c1cc(Cl)ccc1O
CHEMBL4208031,107.0,6.97,2606,CSCC[C@H](NC(=O)[C@@H](NC(=O)[C@H](CCCNC(=N)N)NC(=O)[C@H](C)N)[C@@H](C)O)C(=O)N[C@H]1CCCCNC(=O)CC[C@@H](C(=O)N[C@@H](C)C(=O)NCC(=O)NCC(=O)N[C@@H](CCCCN)C(=O)N[C@@H](C)C(=O)N2CCC[C@H]2C(=O)N[C@@H](CCCNC(=N)N)C(=O)N[C@@H](CCCCN)C(=O)N[C@@H](CCC(N)=O)C(=O)N[C@@H](CC(C)C)C(=O)N[C@@H](C)C(N)=O)NC(=O)[C@H](CCCCN)NC(=O)[C@H](CCCNC(=N)N)NC(=O)[C@H](C)NC(=O)[C@H]([C@@H](C)O)NC1=O
CHEMBL4208387,110.25,6.96,623,CCOc1cccc(/C=N/NC(=O)CN[C@@H]2C[C@H]2c2ccc(F)c(F)c2)c1O
CHEMBL4208534,881.51,6.05,1382,C/C(=N\NC(=O)CN[C@@H]1C[C@H]1c1ccc(F)c(F)c1)c1cc(Cl)ccc1O
CHEMBL4209568,828.31,6.08,674,C/C(=N\NC(=O)CN[C@@H]1C[C@H]1c1ccc(F)c(F)c1)c1cc(Br)ccc1O
CHEMBL4209645,366.54,6.44,1387,O=C(CN[C@@H]1C[C@H]1c1ccc(F)c(F)c1)N/N=C/c1ccco1
CHEMBL4209901,223.13,6.65,2139,C/C(=N\NC(=O)CN[C@@H]1C[C@H]1c1ccc(F)c(F)c1)c1ccc(Br)cc1
CHEMBL4210623,631.19,6.2,672,C/C(=N\NC(=O)CN[C@@H]1C[C@H]1c1ccc(F)c(F)c1)c1ccc(F)cc1
CHEMBL4211184,388.08,6.41,1086,O=C(CN[C@@H]1C[C@H]1c1ccc(F)c(F)c1)N/N=C/c1cc(Br)ccc1O
CHEMBL4212293,349.06,6.46,675,C/C(=N\NC(=O)CN[C@@H]1C[C@H]1c1ccc(F)c(F)c1)c1cccc(N)c1O
CHEMBL4212776,26.13,7.58,624,O=C(N/N=C/c1cc(Cl)ccc1O)c1cccc(S(=O)(=O)N2CCOCC2)c1
CHEMBL4214175,221.97,6.65,1967,C/C(=N\NC(=O)CN[C@@H]1C[C@H]1c1ccc(F)c(F)c1)c1ccccc1O
CHEMBL4214311,423.42,6.37,851,C/C(=N\NC(=O)CN[C@@H]1C[C@H]1c1ccc(F)c(F)c1)c1cccc(N)c1
CHEMBL4214426,180.0,6.74,1383,C[C@H](N)C(=O)N[C@@H](CCCNC(=N)N)C(=O)N[C@H](C(=O)N[C@@H](CCCN[C@@H]1C[C@H]1c1ccccc1)C(=O)N[C@@H](CCC(N)=O)C(=O)N[C@H](C(=O)N[C@@H](C)C(=O)N[C@@H](CCCNC(=N)N)C(=O)N[C@@H](CCCCN)C(=O)N[C@@H](CO)C(=O)N[C@H](C(=O)O)[C@@H](C)O)[C@@H](C)O)[C@@H](C)O
CHEMBL4214864,273.83,6.56,676,O=C(CN[C@@H]1C[C@H]1c1ccc(F)c(F)c1)N/N=C/c1cccs1
CHEMBL4215722,169.61,6.77,1070,COc1ccc(/C=N/NC(=O)CN[C@@H]2C[C@H]2c2ccc(F)c(F)c2)c(O)c1
CHEMBL4215913,154.0,6.81,1071,C[C@H](N)C(=O)N[C@@H](CCCNC(=N)N)C(=O)N[C@H](C(=O)N[C@@H](CCCCN[C@@H]1C[C@H]1c1ccccc1)C(=O)N[C@@H](CCC(N)=O)C(=O)N[C@H](C(=O)N[C@@H](C)C(=O)N[C@@H](CCCNC(=N)N)C(=O)N[C@@H](CCCCN)C(=O)N[C@@H](CO)C(=O)N[C@H](C(=O)O)[C@@H](C)O)[C@@H](C)O)[C@@H](C)O
CHEMBL4216474,147.7,6.83,673,C/C(=N\NC(=O)CN[C@@H]1C[C@H]1c1ccc(F)c(F)c1)c1cc(O)ccc1O
CHEMBL4217387,273.72,6.56,2420,C/C(=N\NC(=O)CN[C@@H]1C[C@H]1c1ccc(F)c(F)c1)c1cc(F)ccc1O
CHEMBL4227224,622.0,6.21,2114,O=C1C(CCCCN[C@@H]2C[C@H]2c2ccccc2)C(=O)N(c2ccc(-c3ccccc3)cc2)CCN1Cc1cccc(Cl)c1
CHEMBL4237521,6420.0,5.19,2521,CCc1ccc(N2C(=O)NC(=O)/C(=C\c3cc4ccccc4[nH]3)C2=O)cc1
CHEMBL4237686,4400.0,5.36,1812,Cc1ccccc1N1C(=O)NC(=O)C(=Cc2cc3ccccc3[nH]2)C1=O
CHEMBL4238393,3100.0,5.51,2547,COc1ccc(N2C(=O)NC(=O)C(=Cc3ccc(O)c(O)c3)C2=O)cc1
CHEMBL4239151,2800.0,5.55,1872,COc1ccc(C=C2C(=O)NC(=O)N(c3ccc(Br)cc3)C2=O)cc1OC
CHEMBL4240336,755.0,6.12,1866,O=C1NC(=S)N(c2ccc(Br)cc2)C(=O)C1=Cc1ccc(O)c(O)c1
CHEMBL4240782,1100.0,5.96,391,Cc1ccc(N2C(=O)NC(=O)C(=Cc3cc4ccccc4[nH]3)C2=O)cc1
CHEMBL4241311,550.0,6.26,341,COc1cc(C=C2C(=O)NC(=O)N(c3ccc(Br)cc3)C2=O)cc(OC)c1O
CHEMBL4244132,3600.0,5.44,2509,COc1ccc(C=C2C(=O)NC(=O)N(c3ccc(Br)cc3)C2=O)c(OC)c1OC
CHEMBL4244605,1200.0,5.92,2510,N#Cc1ccc(N2C(=O)NC(=O)C(=Cc3ccc(O)c(O)c3)C2=O)cc1
CHEMBL4245069,870.0,6.06,2546,COc1cc(C=C2C(=O)NC(=O)N(c3ccc(Br)cc3)C2=O)ccc1O
CHEMBL4248408,300.0,6.52,1936,O=C1NC(=O)N(c2ccc(Br)cc2)C(=O)C1=Cc1ccc(O)c(O)c1
CHEMBL4248864,23000.0,4.64,1404,Cc1ccc(N2C(=O)NC(=O)C(=Cc3cccc(O)c3)C2=O)cc1
CHEMBL4248955,18200.0,4.74,2548,COc1ccc(N2C(=O)NC(=O)/C(=C\c3ccc(N4CCOCC4)c(F)c3)C2=O)cc1
CHEMBL4251434,3600.0,5.44,743,COc1ccc(C=C2C(=O)NC(=O)N(c3ccc(Br)cc3)C2=O)cc1O
CHEMBL4277206,157.9,6.8,2328,COc1cccc(CN[C@H]2C[C@@H]2c2ccccc2)c1
CHEMBL4277281,64.5,7.19,2331,Cc1ccc(CN[C@H]2C[C@@H]2c2ccccc2)cc1Cl
CHEMBL4277841,114.1,6.94,2324,Fc1ccc(CN[C@H]2C[C@@H]2c2ccccc2)cc1
CHEMBL4278320,643.5,6.19,1798,O=[N+]([O-])c1ccccc1CN[C@H]1C[C@@H]1c1ccccc1
CHEMBL4278738,103.9,6.98,785,Clc1ccccc1CN[C@H]1C[C@@H]1c1ccccc1
CHEMBL4278920,79.7,7.1,772,Fc1cc(Br)ccc1CN[C@H]1C[C@@H]1c1ccccc1
CHEMBL4279808,82.6,7.08,2576,Brc1ccc(COc2ccc(CN[C@H]3C[C@@H]3c3ccccc3)cc2)cc1
CHEMBL4280740,146.5,6.83,1420,NS(=O)(=O)c1ccc(CN[C@H]2C[C@@H]2c2ccccc2)cc1
CHEMBL4281778,75.65,7.12,153,O=[N+]([O-])c1cccc(CN[C@H]2C[C@@H]2c2ccccc2)c1
CHEMBL4282210,325.0,6.49,2294,CC(=O)Nc1ccc(CN[C@H]2C[C@@H]2c2ccccc2)cc1
CHEMBL4282324,154.5,6.81,1810,c1ccc(COc2ccc(CN[C@H]3C[C@@H]3c3ccccc3)cc2)cc1
CHEMBL4282381,117.0,6.93,2346,O=[N+]([O-])c1ccc(N[C@H]2C[C@@H]2c2ccccc2)s1
CHEMBL4282608,122.0,6.91,392,Clc1cc(Cl)cc(CN[C@H]2C[C@@H]2c2ccccc2)c1
CHEMBL4282845,91.1,7.04,1997,Ic1ccccc1CN[C@H]1C[C@@H]1c1ccccc1
CHEMBL4284077,112.1,6.95,2487,Brc1cccc(CN[C@H]2C[C@@H]2c2ccccc2)c1
CHEMBL4284179,80.7,7.09,1123,Brc1ccc(COc2cccc(CN[C@H]3C[C@@H]3c3ccccc3)c2)cc1
CHEMBL4284293,90.0,7.05,1179,Cc1ccc(-c2ncc(OCC3CCNC3)cc2-c2ccc(C#N)cc2)cc1
CHEMBL4284708,119.9,6.92,2144,c1ccc(-c2ccc(CN[C@H]3C[C@@H]3c3ccccc3)cc2)cc1
CHEMBL4284789,817.1,6.09,2575,CC(C)(C)c1ccc(CN[C@H]2C[C@@H]2c2ccccc2)cc1
CHEMBL4285048,3700.0,5.43,2447,N[C@H]1C[C@@H]1c1ccc(Br)cc1
CHEMBL4285166,66.1,7.18,2140,COc1ccccc1CN[C@H]1C[C@@H]1c1ccccc1
CHEMBL4285212,35.3,7.45,840,O=[N+]([O-])c1cc(CN[C@H]2C[C@@H]2c2ccccc2)ccc1Cl
CHEMBL4285695,110.0,6.96,1121,COc1ccc(CN[C@H]2C[C@@H]2c2ccccc2)cc1OC
CHEMBL4285786,100.0,7.0,2042,Fc1ccc(CN[C@H]2C[C@@H]2c2ccccc2)cc1F
CHEMBL4285989,94.9,7.02,1817,Clc1ccc(CN[C@@H]2C[C@H]2c2ccccc2)cc1
CHEMBL4286163,117.5,6.93,797,Fc1ccccc1CN[C@H]1C[C@@H]1c1ccccc1
CHEMBL4287563,91.0,7.04,2043,NC(=O)c1cccc(CN[C@H]2C[C@@H]2c2ccccc2)c1
CHEMBL4287709,66.5,7.18,454,c1ccc(COc2cccc(CN[C@H]3C[C@@H]3c3ccccc3)c2)cc1
CHEMBL4287919,276.5,6.56,751,CCc1ccc(CN[C@H]2C[C@@H]2c2ccccc2)cc1
CHEMBL4288523,100.2,7.0,1120,COc1ccc(CN[C@H]2C[C@@H]2c2ccccc2)cc1
CHEMBL4288999,187.3,6.73,2141,CNS(=O)(=O)c1ccc(CN[C@H]2C[C@@H]2c2ccccc2)cc1
CHEMBL4289408,86.55,7.06,285,Clc1ccc(CN[C@H]2C[C@@H]2c2ccccc2)cc1
CHEMBL4289507,20.0,7.7,2202,N[C@H]1C[C@@H]1c1ccc(-c2cccc(O)c2)cc1
CHEMBL4289595,294.5,6.53,2488,Brc1ccc(CN[C@H]2C[C@@H]2c2ccccc2)cc1
CHEMBL4289655,111.7,6.95,1897,O=[N+]([O-])c1cccc(CN[C@@H]2C[C@H]2c2ccccc2)c1
CHEMBL4290483,202.8,6.69,1778,Clc1ccc(CN[C@H]2C[C@@H]2c2ccccc2)c(Cl)c1
CHEMBL4290752,81.75,7.09,288,COc1ncccc1CN[C@H]1C[C@@H]1c1ccccc1
CHEMBL4291413,90.0,7.05,507,CCC(=C(c1ccc(OCCN(C)C)cc1)c1ccc(C(=O)N(C)CCN(C)[C@H]2C[C@@H]2c2ccccc2)cc1)c1ccccc1
CHEMBL4292356,202.4,6.69,769,c1ccc([C@H]2C[C@@H]2NCc2cccnc2)cc1
CHEMBL4292597,60.0,7.22,2101,c1ccc(-c2cccc(CN[C@H]3C[C@@H]3c3ccccc3)c2)cc1
CHEMBL4292813,417.5,6.38,1151,CN(C)c1ccc(CN[C@H]2C[C@@H]2c2ccccc2)cc1
CHEMBL4292825,69.1,7.16,2325,Cn1c(CN[C@H]2C[C@@H]2c2ccccc2)cc2ccccc21
CHEMBL4292976,159.0,6.8,1122,O=[N+]([O-])c1ccc(N[C@H]2C[C@@H]2c2ccccc2)o1
CHEMBL4294062,108.5,6.96,2492,Fc1cccc(CN[C@H]2C[C@@H]2c2ccccc2)c1
CHEMBL4294148,95.9,7.02,2450,Brc1ccccc1CN[C@H]1C[C@@H]1c1ccccc1
CHEMBL4294740,194.6,6.71,1419,NC(=O)c1ccc(CN[C@H]2C[C@@H]2c2ccccc2)cc1
CHEMBL4299278,290.0,6.54,1002,CC(C)C[C@@H](NC(=O)[C@@H](CCCNN)NC(=O)[C@@H](CO)NC(=O)[C@@H](CCCNC(=N)N)NC(=O)[C@H]1CCCN1)C(=O)N[C@@H](C(=O)N[C@H](CCCNC(=N)N)C(=O)N[C@@H](CCCCNC(=O)COCCOCCNC(=O)[C@@H](CCCNC(=N)N)NC(=O)[C@@H](CCCNC(=N)N)NC(=O)[C@@H](CCCNC(=N)N)NC(=O)[C@@H](CCCNC(=N)N)NC(=O)[C@@H](CCCNC(=N)N)NC(=O)[C@@H](CCCNC(=N)N)NC(=O)[C@@H](CCCNC(=N)N)NC(=O)[C@@H](N)CCCNC(=N)N)C(=O)N1CCC[C@H]1C(=O)N[C@@H](CO)C(=O)N[C@@H](CC(=O)O)C(=O)N1CCC[C@H]1C(=O)N[C@@H](CC(N)=O)C(=O)N[C@@H](CCCNC(=N)N)C(=O)N[C@@H](CCCCN)C(=O)N1CCC[C@H]1C(=O)N[C@H](CC(N)=O)C(=O)N[C@@H](Cc1ccc(O)cc1)C(=O)N[C@@H](CO)C(=O)N[C@@H](CCC(N)=O)C(N)=O)C(C)C
CHEMBL4299285,440.0,6.36,139,CC(C)C[C@@H](NC(=O)[C@@H](CCCNN)NC(=O)[C@@H](CO)NC(=O)[C@H](CCCNC(=N)N)NC(=O)[C@@H]1CCCN1)C(=O)N[C@@H](C(=O)N[C@H](CCCNC(=N)N)C(=O)N[C@H](CCCCN)C(=O)N1CCC[C@@H]1C(=O)N[C@H](CO)C(=O)N[C@H](CC(=O)O)C(=O)N1CCC[C@@H]1C(=O)N[C@H](CC(N)=O)C(=O)N[C@H](CCCNC(=N)N)C(=O)N[C@H](CCCCN)C(=O)N1CCC[C@@H]1C(=O)N[C@@H](CC(N)=O)C(=O)N[C@H](Cc1ccc(O)cc1)C(=O)N[C@H](CO)C(=O)N[C@H](CCC(N)=O)C(N)=O)C(C)C
CHEMBL4299296,17000.0,4.77,2415,C#CCN(C)CCC[C@@H](NC(=O)[C@@H](CO)NC(=O)[C@H](CCCNC(=N)N)NC(=O)[C@@H]1CCCN1)C(=O)N[C@H](CC(C)C)C(=O)N[C@@H](C(=O)N[C@H](CCCNC(=N)N)C(=O)N[C@H](CCCCN)C(=O)N1CCC[C@@H]1C(=O)N[C@H](CO)C(=O)N[C@H](CC(=O)O)C(=O)N1CCC[C@@H]1C(=O)N[C@H](CC(N)=O)C(=O)N[C@H](CCCNC(=N)N)C(=O)N[C@H](CCCCN)C(=O)N1CCC[C@@H]1C(=O)N[C@@H](CC(N)=O)C(=O)N[C@H](Cc1ccc(O)cc1)C(=O)N[C@H](CO)C(=O)N[C@H](CCC(N)=O)C(N)=O)C(C)C
CHEMBL4299307,320.0,6.49,1451,CC(C)C[C@@H](NC(=O)[C@@H](CCCNN)NC(=O)[C@@H](CO)NC(=O)[C@H](CCCNC(=N)N)NC(=O)[C@@H]1CCCN1)C(=O)N[C@@H](C(=O)N[C@H](CCCNC(=N)N)C(=O)N[C@H](CCCCN)C(=O)N1CCC[C@@H]1C(=O)N[C@@H](CO)C(=O)N[C@@H](CC(=O)O)C(=O)N1CCC[C@H]1C(=O)N[C@@H](CC(N)=O)C(=O)N[C@@H](CCCNC(=N)N)C(=O)N[C@H](CCCCNC(=O)[C@H](CCCNC(=N)N)NC(=O)[C@H](CCCNC(=N)N)NC(=O)[C@H](CCCNC(=N)N)NC(=O)[C@H](CCCNC(=N)N)NC(=O)[C@H](CCCNC(=N)N)NC(=O)[C@H](CCCNC(=N)N)NC(=O)[C@H](CCCNC(=N)N)NC(=O)[C@H](N)CCCNC(=N)N)C(=O)N1CCC[C@H]1C(=O)N[C@H](CC(N)=O)C(=O)N[C@@H](Cc1ccc(O)cc1)C(=O)N[C@@H](CO)C(=O)N[C@@H](CCC(N)=O)C(N)=O)C(C)C
CHEMBL4299323,40000.0,4.4,1539,C#CCN(CCC[C@H](NC(=O)[C@H](CO)NC(=O)[C@@H](CCCNC(=N)N)NC(=O)[C@H]1CCCN1)C(=O)N[C@@H](CC(C)C)C(=O)N[C@H](C(=O)N[C@@H](CCCNC(=N)N)C(=O)N[C@@H](CCCCN)C(=O)N1CCC[C@H]1C(=O)N[C@H](CO)C(=O)N[C@H](CC(=O)O)C(=O)N1CCC[C@@H]1C(=O)N[C@H](CC(N)=O)C(=O)N[C@H](CCCNC(=N)N)C(=O)N[C@H](CCCCN)C(=O)N1CCC[C@@H]1C(=O)N[C@@H](CC(N)=O)C(=O)N[C@H](Cc1ccc(O)cc1)C(=O)N[C@H](CO)C(=O)N[C@H](CCC(N)=O)C(N)=O)C(C)C)Cc1ccccc1
CHEMBL4299324,280.0,6.55,805,CC(C)C[C@H](NC(=O)[C@H](CCCNN)NC(=O)[C@H](CO)NC(=O)[C@@H](CCCNC(=N)N)NC(=O)[C@H]1CCCN1)C(=O)N[C@H](C(=O)N[C@@H](CCCNC(=N)N)C(=O)N[C@@H](CCCCNC(=O)[C@@H](CCCNC(=N)N)NC(=O)[C@@H](CCCNC(=N)N)NC(=O)[C@@H](CCCNC(=N)N)NC(=O)[C@@H](CCCNC(=N)N)NC(=O)[C@@H](CCCNC(=N)N)NC(=O)[C@@H](CCCNC(=N)N)NC(=O)[C@@H](CCCNC(=N)N)NC(=O)[C@@H](N)CCCNC(=N)N)C(=O)N1CCC[C@H]1C(=O)N[C@@H](CO)C(=O)N[C@@H](CC(=O)O)C(=O)N1CCC[C@H]1C(=O)N[C@@H](CC(N)=O)C(=O)N[C@@H](CCCNC(=N)N)C(=O)N[C@@H](CCCCN)C(=O)N1CCC[C@H]1C(=O)N[C@H](CC(N)=O)C(=O)N[C@@H](Cc1ccc(O)cc1)C(=O)N[C@@H](CO)C(=O)N[C@@H](CCC(N)=O)C(N)=O)C(C)C
CHEMBL4299336,63000.0,4.2,498,CC(C)C[C@H](NC(=O)[C@H](CCCCN[C@H]1C[C@@H]1c1ccccc1)NC(=O)[C@H](CO)NC(=O)[C@H](CCCNC(=N)N)NC(=O)[C@@H]1CCCN1)C(=O)N[C@H](C(=O)N[C@@H](CCCNC(=N)N)C(=O)N[C@@H](CCCCN)C(=O)N1CCC[C@H]1C(=O)N[C@H](CO)C(=O)N[C@H](CC(=O)O)C(=O)N1CCC[C@@H]1C(=O)N[C@H](CC(N)=O)C(=O)N[C@H](CCCNC(=N)N)C(=O)N[C@H](CCCCN)C(=O)N1CCC[C@@H]1C(=O)N[C@@H](CC(N)=O)C(=O)N[C@H](Cc1ccc(O)cc1)C(=O)N[C@H](CO)C(=O)N[C@H](CCC(N)=O)C(N)=O)C(C)C
CHEMBL4299338,8400.0,5.08,81,CNNCCC[C@@H](NC(=O)[C@@H](CO)NC(=O)[C@H](CCCNC(=N)N)NC(=O)[C@@H]1CCCN1)C(=O)N[C@H](CC(C)C)C(=O)N[C@@H](C(=O)N[C@H](CCCNC(=N)N)C(=O)N[C@H](CCCCN)C(=O)N1CCC[C@@H]1C(=O)N[C@H](CO)C(=O)N[C@H](CC(=O)O)C(=O)N1CCC[C@@H]1C(=O)N[C@H](CC(N)=O)C(=O)N[C@H](CCCNC(=N)N)C(=O)N[C@H](CCCCN)C(=O)N1CCC[C@@H]1C(=O)N[C@@H](CC(N)=O)C(=O)N[C@H](Cc1ccc(O)cc1)C(=O)N[C@H](CO)C(=O)N[C@H](CCC(N)=O)C(N)=O)C(C)C
CHEMBL4301645,24.0,7.62,2359,c1ccc([C@@H]2C[C@H]2NC2CCNCC2)cc1
CHEMBL4303182,4160.0,5.38,20,O=C(O)c1cc(N2N=C(C(F)(F)F)/C(=C/c3ccc(-c4ccccc4)o3)C2=O)ccc1Cl
CHEMBL4436792,2886.5,5.54,701,N/C(=N\O)c1cccc(/C=C/c2ccnc(-c3cc(F)ccc3O)c2)c1
CHEMBL4436953,1.4,8.85,725,O=C(N/N=C1\CCc2cccc(O)c21)c1cccc(S(=O)(=O)N2CCOCC2)c1
CHEMBL4437242,58800.0,4.23,2616,NC(=O)c1ccc(N2CCC(Cc3nnc(CO)n3-c3ccccc3)CC2)nc1
CHEMBL4437380,55.0,7.26,1559,COc1ccc(-n2c(-c3ccc(C#N)c(F)c3)nc(C(=O)N3CC(CN)C3)c2C)cc1F
CHEMBL4437554,124.05,6.91,575,FC(F)(F)Cc1cc2c(N[C@H]3CC[C@@H](N[C@@H]4C[C@H]4c4ccccc4)CC3)ncnc2s1
CHEMBL4437892,78.5,7.11,1959,COc1ccc(-n2c(-c3ccc(C#N)c(F)c3)nc(C(=O)N3CC[C@@H](N)C3)c2C)cc1F
CHEMBL4439177,17620.0,4.75,1256,Cc1cc(NN)n2nc(SCC(=O)c3ccccc3)nc2n1
CHEMBL4439541,8410.0,5.08,1061,C=C1C(=O)OCC1C(O)c1cn(Cc2nccc(OCCCOC)c2C)c2ccc(Cl)cc12
CHEMBL4440004,36.5,7.44,343,COc1ccc(-n2c(-c3ccc(C#N)c(F)c3)nc(C(=O)N3CCC[C@@H](N)C3)c2C)cc1F
CHEMBL4440188,2960.0,5.53,18,Nc1ccc(/C=C/c2ccnc(-c3ccccc3O)c2)cc1
CHEMBL4440274,8600.0,5.07,2001,Cl.O=C(/C=C/c1cccc(O)c1)Nc1cccc(OCC2CCNCC2)c1
CHEMBL4440289,6160.0,5.21,746,Cc1ccc(CSc2nc3nc(C)cc(NN)n3n2)cc1
CHEMBL4440500,240.5,6.62,573,Fc1ccc([C@@H]2C[C@H]2NC2CCN(c3ncnc4sc(CC(F)(F)F)cc34)CC2)cc1F
CHEMBL4440870,55.0,7.26,407,COc1ccc(-n2c(-c3ccc(C#N)c(F)c3)nc(C(=O)N3CCC[C@H](N)C3)c2C)cc1F
CHEMBL4440877,17380.0,4.76,2653,COc1ccc(CSc2nc3nc(C)cc(Nc4ccc(N5CCN(C)CC5)cc4)n3n2)cc1
CHEMBL4441879,32560.0,4.49,665,Cc1cc(Nc2ccc(N3CCN(C)CC3)cc2)n2nc(SCc3ccc([N+](=O)[O-])cc3)nc2n1
CHEMBL4442317,211.35,6.67,2681,FC(F)(F)Cc1cc2c(N3CCC(N[C@@H]4C[C@H]4c4ccccc4)CC3)ncnc2s1
CHEMBL4442428,88300.0,4.05,1305,O=C(CCn1cncn1)N1CCC(C2=NN=C(c3ccccc3Cl)C2)CC1
CHEMBL4443596,8130.0,5.09,2501,Cc1cc(NN)n2nc(SCc3ccc(F)cc3)nc2n1
CHEMBL4443696,31350.0,4.5,1656,Cc1cc(Nc2ccc(N3CCN(C)CC3)cc2)n2ncnc2n1
CHEMBL4444100,6200.0,5.21,601,COc1cc(/C=C/C(=O)Nc2ccc(CCC(=O)NO)cc2)ccc1O
CHEMBL4444151,9030.0,5.04,2195,Nc1ccc(/C=C/c2ccnc(-c3cc(F)ccc3O)c2)cc1
CHEMBL4444902,7.35,8.13,2246,CN[C@H]1CCN(C(=O)c2nc(-c3ccc(C#N)c(F)c3)n(-c3ccc4nn(C)c(Cl)c4c3)c2C)C1
CHEMBL4445502,9469.0,5.02,1219,C=C1C(=O)OCC1C(O)c1cn(Cc2ccc(Cl)cc2)c2ccccc12
CHEMBL4445950,11780.0,4.93,244,Nc1cccc(/C=C/c2ccnc(-c3cc(F)ccc3O)c2)c1
CHEMBL4446913,20497.0,4.69,1715,C=C1C(=O)OCC1C(O)c1cn(Cc2ccccc2)c2ccccc12
CHEMBL4447074,187.0,6.73,1863,FC(F)(F)Cc1cc2c(N[C@H]3CC[C@H](N[C@H]4C[C@@H]4c4ccccc4)CC3)ncnc2s1
CHEMBL4447157,12390.0,4.91,1649,Cc1cc(Nc2ccc(N3CCN(C)CC3)cc2)n2nc(SCc3ccccc3)nc2n1
CHEMBL4447527,14.5,7.84,1740,COc1ccc(-n2c(-c3ccc(C#N)c(F)c3)nc(C(=O)N3CCC[C@@H](N)C3)c2C)cc1
CHEMBL4447763,80670.0,4.09,2297,CCCn1c(SCC(=O)Nc2ccc([N+](=O)[O-])cc2Cl)nc2c1c(=O)[nH]c(=O)n2C
CHEMBL4448010,19000.0,4.72,2573,Cc1ccc(C(c2c(C)[nH]c3ccccc23)c2c(C)[nH]c3ccccc23)o1
CHEMBL4448235,210.0,6.68,1626,O=C(CCC1NC(=O)NC1=O)NCCc1c[nH]c2ccccc12
CHEMBL4448358,15.0,7.82,1773,Cc1c(C(=O)N2CCC[C@@H](N)C2)nc(-c2ccc(C#N)c(F)c2)n1-c1ccc2c(cnn2C)c1
CHEMBL4449915,11500.0,4.94,2639,COc1cc(/C=C/C(=O)Nc2ccc(CCC(=O)O)cc2)ccc1O
CHEMBL4450207,21200.0,4.67,46,Cc1cc(Nc2ccc(N3CCN(C)CC3)cc2)n2nc(SCc3ccc(Cl)c(F)c3)nc2n1
CHEMBL4450806,364.0,6.44,1504,N/C(=N\O)c1cccc(/C=C/c2ccnc(-c3ccccc3O)c2)c1
CHEMBL4451430,13.5,7.87,1932,COc1ccc(-n2c(-c3ccc(C#N)c(F)c3)nc(C(=O)N[C@@H]3CCCNC3)c2C)cc1F
CHEMBL4451607,7.5,8.12,1653,Cc1c(C(=O)N2CCC[C@@H](N)C2)nc(-c2ccc(C#N)c(F)c2)n1-c1ccc2nn(C)c(Cl)c2c1
CHEMBL4451749,1800.0,5.74,884,COc1cc(/C=C/C(=O)Nc2cccc(OCC3CCNCC3)c2)ccc1O.Cl
CHEMBL4452076,1400.0,5.85,1833,COc1cc(/C=C/C(=O)Nc2ccc(CC(=O)NN)cc2)ccc1O
CHEMBL4453101,14840.0,4.83,2286,C#CCSc1nc2nc(C)cc(Nc3ccc(N4CCN(C)CC4)cc3)n2n1
CHEMBL4453520,30.0,7.52,617,Cc1c(C(=O)N2CC[C@H](N(C)C)C2)nc(-c2ccc(C#N)c(F)c2)n1-c1cc2cn(C)nc2cc1F
CHEMBL4454128,19.0,7.72,2193,COc1ccc(-n2c(-c3ccc(C#N)c(F)c3)nc(C(=O)N3CC[C@H](N)C3)c2C)cc1F
CHEMBL4454677,1.7,8.77,1435,O=C(N/N=C1\CCc2c(Cl)ccc(O)c21)c1cccc(S(=O)(=O)N2CCOCC2)c1
CHEMBL4454841,25130.0,4.6,2197,Cc1cc(NN)n2nc(SCCCc3ccccc3)nc2n1
CHEMBL4454917,5800.0,5.24,1154,COc1cc(/C=C/C(=O)Nc2ccc(CC(=O)NO)cc2)ccc1O
CHEMBL4455265,2320.0,5.63,378,Cc1cc(NN)n2nc(SCc3ccc(C(F)(F)F)cc3)nc2n1
CHEMBL4456313,5903.0,5.23,960,C=C1C(=O)OCC1C(O)c1cn(Cc2ccc(Cl)nc2)c2ccccc12
CHEMBL4456364,25780.0,4.59,363,Cc1ccc(CSc2nc3nc(C)cc(Nc4ccc(N5CCN(C)CC5)cc4)n3n2)cc1
CHEMBL4457116,8210.0,5.09,963,C=CCSc1nc2nc(C)cc(NN)n2n1
CHEMBL4457136,38130.0,4.42,2692,CCc1cc(Nc2ccc(N3CCN(C)CC3)cc2)n2ncnc2n1
CHEMBL4458155,16170.0,4.79,458,Cc1cc(Nc2ccc(N3CCN(C)CC3)cc2)n2nc(SCc3csc4ccc(Cl)cc34)nc2n1
CHEMBL4458218,28130.0,4.55,2310,Cc1cc(Nc2ccc(N3CCN(C)CC3)cc2)n2nc(SCCc3ccccc3)nc2n1
CHEMBL4458673,23090.0,4.64,102,Cc1cc(Nc2ccc(N3CCN(C)CC3)cc2)n2nc(SCc3ccc(Br)cc3)nc2n1
CHEMBL4459508,2600.0,5.59,1155,COc1cc(/C=C/C(=O)Nc2ccc(C(=O)NO)cc2)ccc1O
CHEMBL4460106,4000.0,5.4,2615,COc1cc(/C=C/C(=O)Nc2ccc(NC(=N)N)cc2)ccc1O
CHEMBL4460302,4740.0,5.32,2151,COc1ccc([C@@H]2CC(=O)c3c(O)cc(O[C@@H]4O[C@H](CO)[C@@H](O)[C@H](O)[C@H]4O)cc3O2)cc1O
CHEMBL4461182,301.0,6.52,389,Nc1cccc(/C=C/c2ccc(O)c(-c3ccccn3)c2)c1
CHEMBL4462266,1400.0,5.85,760,COc1cc(/C=C/C(=O)Nc2cccc(COc3ccc(OC4CCNCC4)cc3)c2)ccc1O.Cl
CHEMBL4462355,720.0,6.14,251,N/C(=N\O)c1cccc(/C=C/c2ccc(O)c(-c3ccccn3)c2)c1
CHEMBL4463316,8890.0,5.05,291,CCCn1c(SCc2cccc(C)c2)nc2c1c(=O)[nH]c(=O)n2C
CHEMBL4463374,14250.0,4.85,1658,Cc1cc(Nc2ccc(N3CCN(C)CC3)cc2)n2nc(SCc3ccc(C(F)(F)F)cc3)nc2n1
CHEMBL4463951,6200.0,5.21,2416,COc1cc(/C=C/C(=O)Nc2ccccc2O)ccc1O
CHEMBL4465177,77500.0,4.11,1125,Cc1ccc(NC(=O)CCC(=O)c2c[nH]c3ccccc23)cc1
CHEMBL4465367,34.5,7.46,344,COc1ccc(-n2c(-c3ccc(C#N)c(F)c3)nc(C(=O)N[C@H]3CCCNC3)c2C)cc1F
CHEMBL4465369,19850.0,4.7,1777,Cc1cc(Nc2ccc(N3CCN(C)CC3)cc2)n2nc(SCc3c(Cl)cccc3Cl)nc2n1
CHEMBL4466738,14200.0,4.85,1571,CCCn1c(SCc2ccc(F)cc2)nc2c1c(=O)[nH]c(=O)n2C
CHEMBL4467448,800.0,6.1,2458,Cl.O=C(/C=C/c1ccc(O)cc1)Nc1cccc(OCC2CCNCC2)c1
CHEMBL4469312,15340.0,4.81,2668,COc1ccc(CSc2nc3nc(C)cc(NN)n3n2)cc1
CHEMBL4469838,10300.0,4.99,449,COc1cc(/C=C/C(=O)Nc2ccc(CC(N)=O)cc2)ccc1O
CHEMBL4470036,22520.0,4.65,1650,CC(C)c1cc(NN)n2nc(SCc3ccccc3)nc2n1
CHEMBL4470161,1784.0,5.75,15,C=C1C(=O)OCC1C(O)c1cn(S(=O)(=O)c2ccc(C)cc2)c2ccc(Cl)cc12
CHEMBL4470558,66400.0,4.18,1163,Clc1ccc(C2CN(c3ccccc3)N=C2c2ccco2)cc1
CHEMBL4470820,49600.0,4.3,2423,Cl.O=C(/C=C/c1ccccc1O)Nc1cccc(OCC2CCNCC2)c1
CHEMBL4474185,303.35,6.52,2650,FC(F)(F)Cc1cc2c(N[C@H]3CC[C@H](N[C@@H]4C[C@H]4c4ccccc4)CC3)ncnc2s1
CHEMBL4475277,4240.0,5.37,2454,Oc1cccc(/C=C/c2ccc(O)c(-c3ccccn3)c2)c1
CHEMBL4475385,1720.0,5.76,459,Cc1cc(Nc2ccc(N3CCN(C)CC3)cc2)n2nc(SCc3nc4ccccc4[nH]3)nc2n1
CHEMBL4475757,51400.0,4.29,287,CCOC(=O)c1c2c(n(C)c1CO)C(=O)C(=O)c1ccc(Br)cc1-2
CHEMBL4476120,9550.0,5.02,16,Nc1ccc(/C=C/c2ccc(O)c(-c3ncccn3)c2)cc1
CHEMBL449317,19160.0,4.72,2471,COc1ccc([C@@H]2CC(=O)c3c(O)cc(O[C@@H]4O[C@H](CO[C@@H]5O[C@@H](C)[C@H](O)[C@@H](O)[C@H]5O)[C@@H](O)[C@H](O)[C@H]4O)cc3O2)cc1O
CHEMBL4514358,25.0,7.6,1655,Cc1c(C(=O)N2CC[C@H](N(C)C)C2)nc(-c2ccc(C#N)c(F)c2)n1-c1ccc2nn(C)cc2c1
CHEMBL4516105,764.0,6.12,1148,N/C(=N\O)c1ccc(/C=C/c2ccnc(-c3ccccc3O)c2)cc1
CHEMBL4516248,36.0,7.44,947,CN[C@H]1CCN(C(=O)c2nc(-c3ccc(C#N)c(F)c3)n(-c3cc4cn(C)nc4cc3F)c2C)C1
CHEMBL4517147,28.5,7.55,1127,Cc1c(C(=O)N2CC[C@H](N(C)C)C2)nc(-c2ccc(C#N)c(F)c2)n1-c1cc(F)c2nn(C)cc2c1
CHEMBL4517933,29240.0,4.53,2561,Cc1cc(Nc2ccc(N3CCN(C)CC3)cc2)n2nc(SCc3cccc(Br)c3)nc2n1
CHEMBL4520476,3570.0,5.45,1217,Nc1ccc(/C=C/c2ccc(O)c(-c3ccccn3)c2)cc1
CHEMBL4520948,109.35,6.96,1865,FC(F)(F)Cc1cc2c(N[C@H]3CC[C@H](CN[C@@H]4C[C@H]4c4ccccc4)CC3)ncnc2s1
CHEMBL4521599,4500.0,5.35,689,COc1cc(/C=C/C(=O)Nc2ccc(N)cc2)ccc1O
CHEMBL4522607,4.5,8.35,1804,CN[C@@H]1CCCN(C(=O)c2nc(-c3ccc(C#N)c(F)c3)n(-c3ccc4nn(C)c(Cl)c4c3)c2C)C1
CHEMBL4526830,692.15,6.16,1337,FC(F)(F)Cc1cc2c(N3CCC(N[C@H]4C[C@@H]4c4ccccc4)CC3)ncnc2s1
CHEMBL4527031,5130.0,5.29,1102,C#CCSc1nc2nc(C)cc(NN)n2n1
CHEMBL4527219,94.0,7.03,340,COc1ccc(-n2c(-c3ccc(C#N)c(F)c3)nc(C(=O)N3CCC[C@@H](N)C3)c2C)cn1
CHEMBL4527359,8959.0,5.05,1802,C=C1C(=O)OCC1C(O)c1cn(Cc2ccccc2C(F)(F)F)c2ccccc12
CHEMBL4528872,24420.0,4.61,969,Cc1cc(Nc2ccc(N3CCN(C)CC3)cc2)n2nc(SCC3CCCCC3)nc2n1
CHEMBL4528937,21150.0,4.67,1753,Cc1cc(NN)n2nc(SCc3cccc(C(F)(F)F)c3)nc2n1
CHEMBL4529482,1610.0,5.79,609,Cc1cc(NN)n2nc(SCc3csc4ccc(Cl)cc34)nc2n1
CHEMBL4530202,241.95,6.62,2597,FC(F)(F)Cc1cc2c(N[C@H]3CC[C@@H](N[C@H]4C[C@@H]4c4ccccc4)CC3)ncnc2s1
CHEMBL4530322,69.5,7.16,1902,Cc1c(C(=O)N2CCC[C@@H](N)C2)nc(-c2ccc(C#N)c(F)c2)n1-c1ccc(C2CC2)nc1
CHEMBL4531075,5600.0,5.25,1156,COc1cc(/C=C/C(=O)Nc2ccc(O)cc2)ccc1O
CHEMBL4531211,12410.0,4.91,611,Cc1cc(NN)n2nc(SCc3ccc([N+](=O)[O-])cc3)nc2n1
CHEMBL4532083,18510.0,4.73,613,Cc1cc(Nc2ccc(N3CCN(C)CC3)cc2)n2nc(SCc3ccc(F)cc3)nc2n1
CHEMBL4533143,66.13,7.18,2598,Fc1ccc([C@@H]2C[C@H]2N[C@H]2CC[C@@H](Nc3ncnc4sc(CC(F)(F)F)cc34)CC2)cc1F
CHEMBL4533173,5900.0,5.23,2363,COCc1cccc(NC(=O)/C=C/c2ccc(O)c(OC)c2)c1
CHEMBL4537429,28.0,7.55,506,Cc1c(C(=O)N2CCC[C@@H](N)C2)nc(-c2ccc(C#N)c(F)c2)n1-c1ccc2nn(C)cc2c1
CHEMBL4539390,13120.0,4.88,2528,Cc1cc(NN)n2nc(SCc3ccccc3C(F)(F)F)nc2n1
CHEMBL4540419,28430.0,4.55,934,CCCSc1nc2nc(C)cc(Nc3ccc(N4CCN(C)CC4)cc3)n2n1
CHEMBL4540594,9.2,8.04,1202,CN1CCN(S(=O)(=O)c2cccc(C(=O)N/N=C3\CCc4c(Cl)ccc(O)c43)c2)CC1
CHEMBL4541854,6000.0,5.22,248,COc1cc(/C=C/C(=O)Nc2cccc(N)c2)ccc1O
CHEMBL4542043,20850.0,4.68,1657,Cc1cc(Nc2ccc(N3CCN(C)CC3)cc2)n2nc(SCc3ccccc3Br)nc2n1
CHEMBL4545461,5849.0,5.23,1116,C=C1C(=O)OCC1C(O)c1cn(Cc2ccccc2F)c2ccccc12
CHEMBL4545973,4467.0,5.35,1324,C=C1C(=O)OCC1C(O)c1cn(Cc2ccc(F)cc2)c2ccccc12
CHEMBL4546158,4.6,8.34,2587,CN1CCCN(S(=O)(=O)c2cccc(C(=O)N/N=C3\CCc4c(Cl)ccc(O)c43)c2)CC1
CHEMBL4547521,2900.0,5.54,1294,CCN(CC)S(=O)(=O)c1cccc(C(=O)N/N=C2\CCc3cccc(O)c32)c1
CHEMBL4548929,14.5,7.84,229,Cc1c(C(=O)N2CC[C@H](N)C2)nc(-c2ccc(C#N)c(F)c2)n1-c1ccc2nn(C)cc2c1
CHEMBL4549172,4900.0,5.31,271,COc1cc(/C=C/C(=O)Nc2ccccc2F)ccc1O
CHEMBL4549417,18960.0,4.72,379,Cc1cc(NN)n2nc(SCC3CC3)nc2n1
CHEMBL4549707,2.3,8.64,1549,CN1CCCN(S(=O)(=O)c2cccc(C(=O)N/N=C3\CCc4cccc(O)c43)c2)CC1
CHEMBL4550942,184.15,6.73,328,FC(F)(F)Cc1cc2c(N[C@H]3CC[C@H](CN[C@H]4C[C@@H]4c4ccccc4)CC3)ncnc2s1
CHEMBL4550944,1230.0,5.91,2289,C=C1C(=O)OCC1C(O)c1cn(Cc2ccc(F)cc2)c2ccc(Cl)cc12
CHEMBL4551103,53000.0,4.28,292,CCCn1c(SCc2ccc(C(C)(C)C)cc2)nc2c1c(=O)[nH]c(=O)n2C
CHEMBL4554089,1470.0,5.83,2719,Nc1cccc(/C=C/c2ccc(O)c(-c3cc(O)ccn3)c2)c1
CHEMBL4558220,25810.0,4.59,1754,CCCSc1nc2nc(C)cc(NN)n2n1
CHEMBL4558443,359.7,6.44,2327,Fc1ccc([C@@H]2C[C@H]2NC[C@H]2CC[C@H](Nc3ncnc4sc(CC(F)(F)F)cc34)CC2)cc1F
CHEMBL4559594,12100.0,4.92,1,COc1cc(/C=C/C(=O)Nc2ccc(C(N)=O)cc2)ccc1O
CHEMBL4559695,7580.0,5.12,1167,O=C1C(=O)N(CN2CCC(Cc3ccccc3)CC2)c2ccc([N+](=O)[O-])cc21
CHEMBL4560537,92.0,7.04,1903,COc1ccc(-n2c(-c3ccc(C#N)c(F)c3)nc(C(=O)N[C@H]3CCNC3)c2C)cc1F
CHEMBL4565848,25750.0,4.59,59,Cc1cc(Nc2ccc(N3CCN(C)CC3)cc2)n2nc(SCc3ccc(F)c(Cl)c3)nc2n1
CHEMBL4566525,920.0,6.04,439,N/C(=N\O)c1ccc(/C=C/c2ccc(O)c(-c3ncccn3)c2)cc1
CHEMBL4569059,33.5,7.47,1161,Cc1ccc(-n2c(-c3ccc(C#N)cc3)nc(C(=O)N3CCC[C@@H](N)C3)c2C)cc1
CHEMBL4569986,61.04,7.21,574,FC(F)(F)Cc1cc2c(N3CCC(CN[C@H]4C[C@@H]4c4ccccc4)CC3)ncnc2s1
CHEMBL4572016,5870.0,5.23,612,Cc1cc(NN)n2nc(SCc3ccc(Cl)cc3)nc2n1
CHEMBL4573261,859.0,6.07,1097,Nc1cccc(/C=C/c2ccc(O)c(-c3ncccn3)c2)c1
CHEMBL4573606,30140.0,4.52,2196,C=CCSc1nc2nc(C)cc(Nc3ccc(N4CCN(C)CC4)cc3)n2n1
CHEMBL4576096,19350.0,4.71,1651,Cc1cc(NN)n2nc(SCc3c(Cl)cccc3Cl)nc2n1
CHEMBL4577831,22860.0,4.64,2167,Cc1cc(Nc2ccc(N3CCN(C)CC3)cc2)n2nc(SCc3ccc(Cl)cc3)nc2n1
CHEMBL4578722,11210.0,4.95,959,Cc1cc(NN)n2nc(SCc3ccccc3Br)nc2n1
CHEMBL4580675,84.38,7.07,1336,FC(F)(F)Cc1cc2c(N3CCC(CN[C@@H]4C[C@H]4c4ccccc4)CC3)ncnc2s1
CHEMBL4581751,8980.0,5.05,1019,CCCn1c(SCc2cccc(F)c2)nc2c1c(=O)[nH]c(=O)n2C
CHEMBL4581929,62.0,7.21,1933,COc1ccc(-n2c(-c3ccc(C#N)c(F)c3)nc(C(=O)NC3CCNCC3)c2C)cc1F
CHEMBL4581937,33900.0,4.47,1169,Cl.O=C(/C=C/c1cccc(Br)c1)Nc1cccc(OCC2CCNCC2)c1
CHEMBL4583512,2800.0,5.55,2669,COc1cc(/C=C/C(=O)Nc2ccccc2COc2ccc(OC3CCNCC3)cc2)ccc1O.Cl
CHEMBL4583548,1290.0,5.89,2629,N/C(=N\O)c1cccc(/C=C/c2ccc(O)c(-c3ncccn3)c2)c1
CHEMBL4588399,4.9,8.31,2120,CN1CCN(S(=O)(=O)c2cccc(C(=O)N/N=C3\CCc4cccc(O)c43)c2)CC1
CHEMBL4588414,17200.0,4.76,1490,Cc1cc(C(=O)N2CCC(Cc3cccc(C(N)=O)c3)C2)nc2[nH][nH]c(=O)c12
CHEMBL4589265,7800.0,5.11,2296,COc1cc(/C=C/C(=O)Nc2ccc(CCC(=O)NN)cc2)ccc1O
CHEMBL4589741,25740.0,4.59,2439,NNc1c2c(nc3nc(SCc4ccccc4)nn13)CCC2
CHEMBL4589914,146.35,6.83,1864,Fc1ccc([C@@H]2C[C@H]2N[C@H]2CC[C@H](Nc3ncnc4sc(CC(F)(F)F)cc34)CC2)cc1F
CHEMBL4590790,15630.0,4.81,1652,Cc1cc(NN)n2nc(SCCc3ccccc3)nc2n1
CHEMBL4591471,6580.0,5.18,1805,C=C1C(=O)OCC1C(O)c1cn(Cc2ccc(Cl)c(Cl)c2)c2ccccc12
CHEMBL4591673,78.0,7.11,228,COc1ccc(-n2c(-c3ccc(C#N)c(F)c3)nc(C(=O)N[C@@H]3CCNC3)c2C)cc1F
CHEMBL4592421,8344.0,5.08,1716,C=C1C(=O)OCC1C(O)c1cn(Cc2ccc(Cl)nc2)c2ccc(Cl)cc12
CHEMBL4593062,11.26,7.95,2002,Cl.Cl.N[C@H]1CC[C@H](N[C@@H]2C[C@H]2c2ccccc2)CC1
CHEMBL4593261,252.33,6.6,1338,Fc1ccc([C@@H]2C[C@H]2NCC2CCN(c3ncnc4sc(CC(F)(F)F)cc34)CC2)cc1F
CHEMBL464732,2980.0,5.53,2239,COc1c(O[C@@H]2O[C@H](C(=O)O)[C@@H](O)[C@H](O)[C@H]2O)cc(O)c2c(=O)cc(-c3ccccc3)oc12
CHEMBL466770,6700.0,5.17,2537,N[C@H]1C[C@]1(F)c1ccc(Cl)cc1
CHEMBL468597,2100.0,5.68,1399,N[C@H]1C[C@]1(F)c1ccc(C(F)(F)F)cc1
CHEMBL485818,3550.0,5.45,2459,O=C(O)[C@H]1O[C@@H](Oc2cc3oc(-c4ccccc4)cc(=O)c3c(O)c2O)[C@H](O)[C@@H](O)[C@@H]1O
CHEMBL488001,21830.0,4.66,1904,COc1ccc(-c2cc(=O)c3c(O)cc(O[C@@H]4O[C@H](CO)[C@@H](O)[C@H](O)[C@H]4O)cc3o2)cc1O
CHEMBL492697,321.1,6.49,2401,c1ccc(CN[C@H]2C[C@@H]2c2ccccc2)cc1
CHEMBL498485,64490.0,4.19,1937,COc1ccc(-c2oc3c(CC=C(C)C)c(O)cc(O)c3c(=O)c2O)cc1
CHEMBL50,1260.0,5.9,2332,O=c1c(O)c(-c2ccc(O)c(O)c2)oc2cc(O)cc(O)c12
CHEMBL553204,26440.0,4.58,1654,COc1ccc(-c2oc3c(CC=C(C)C)c(O[C@@H]4O[C@H](CO)[C@@H](O)[C@H](O)[C@H]4O)cc(O)c3c(=O)c2O[C@@H]2O[C@@H](C)[C@H](O)[C@@H](O)[C@H]2O)cc1
CHEMBL560116,16700.0,4.78,2240,COc1ccc(-c2oc3c(CC=C(C)C)c(O)cc(O)c3c(=O)c2O[C@@H]2O[C@@H](C)[C@H](O)[C@@H](O)[C@H]2O)cc1
CHEMBL8260,12500.0,4.9,1168,O=c1cc(-c2ccccc2)oc2cc(O)c(O)c(O)c12
CHEMBL90568,27900.0,4.55,616,COc1ccc(-c2cc(=O)c3c(O)cc(O)cc3o2)cc1O
