Molecule ChEMBL ID,Standard Value,Calculated pChEMBL,Smiles
CHEMBL1232432,243,6.61,COc1cc2nc(NCCCN(C)C)nc(NC3CCN(Cc4ccccc4)CC3)c2cc1OC
CHEMBL2440565,27600,4.56,Cc1ccc(Cn2cc(CSC(=S)N3CCN(c4ncccn4)CC3)nn2)cc1
CHEMBL2440566,39800,4.4,Fc1ccccc1Cn1cc(CSC(=S)N2CCN(c3ncccn3)CC2)nn1
CHEMBL2440567,43900,4.36,Fc1ccc(Cn2cc(CSC(=S)N3CCN(c4ncccn4)CC3)nn2)cc1
CHEMBL3134355,26300,4.58,Cc1nccc(-c2cncc(S(=O)(=O)Nc3nc(-c4ccc(Cl)cc4)cs3)c2)n1
CHEMBL3415351,1590.736667,5.8,C#CCSc1nc(NNC(N)=S)c(C#N)c(-c2ccccc2)n1
CHEMBL3415352,1158.355,5.94,C#CCSc1nc(NNC(N)=S)c(C#N)c(-c2cc(OC)c(OC)c(OC)c2)n1
CHEMBL3415353,1100.513333,5.96,C#CCSc1nc(NNC(N)=S)c(C#N)c(-c2ccc(C)cc2)n1
CHEMBL3415354,1080,5.97,C#CCSc1nc(NNC(N)=S)c(C#N)c(-c2ccc(CC(C)C)cc2)n1
CHEMBL3415355,1821.3,5.74,C#CCSc1nc(NNC(N)=S)c(C#N)c(-c2ccc(F)cc2)n1
CHEMBL3415356,2580.753333,5.59,C#CCSc1nc(NNC(N)=S)c(C#N)c(-c2ccc([N+](=O)[O-])cc2)n1
CHEMBL3415357,1590.736667,5.8,C#CCSc1nc(NNC(N)=S)c(C#N)c(-c2ccc(Cl)cc2)n1
CHEMBL3415358,1661.136667,5.78,C#CCSc1nc(NNC(N)=S)c(C#N)c(-c2ccc(F)c(F)c2)n1
CHEMBL3415359,1590.736667,5.8,C#CCSc1nc(NNC(N)=S)c(C#N)c(-c2ccc(Br)cc2)n1
CHEMBL3415360,3580.32,5.45,C#CCSc1nc(NNC(N)=S)c(C#N)c(-c2cccc(Cl)c2)n1
CHEMBL3415361,2610.72,5.58,C#CCSc1nc(NNC(N)=S)c(C#N)c(-c2cccc(OC)c2)n1
CHEMBL3415362,2640.803333,5.58,C#CCSc1nc(NNC(N)=O)c(C#N)c(-c2ccc(Cl)cc2)n1
CHEMBL3415363,7400,5.13,C#CCSc1nc(NNC(N)=O)c(C#N)c(-c2ccc(F)c(F)c2)n1
CHEMBL3415364,3160.76,5.5,C#CCSc1nc(NNC(N)=O)c(C#N)c(-c2ccc(C)cc2)n1
CHEMBL3415365,4880,5.31,C#CCSc1nc(NNC(N)=O)c(C#N)c(-c2ccc(CC(C)C)cc2)n1
CHEMBL3415366,5063.303333,5.3,C#CCSc1nc(NNC(N)=O)c(C#N)c(-c2cccc(Cl)c2)n1
CHEMBL3415367,11191.46,4.95,C#CCSc1nc(NNC(N)=O)c(C#N)c(-c2ccc([N+](=O)[O-])cc2)n1
CHEMBL3415529,41505.13333,4.38,C#CCSc1nc(NNC(N)=O)c(C#N)c(-c2ccc(Br)cc2)n1
CHEMBL3415539,45736.27333,4.34,C#CCSc1nc(Cl)c(C#N)c(-c2ccccc2)n1
CHEMBL3415540,3131.096667,5.5,C#CCSc1nc(Cl)c(C#N)c(-c2cc(OC)c(OC)c(OC)c2)n1
CHEMBL3415541,59204.17667,4.23,C#CCSc1nc(Cl)c(C#N)c(-c2ccc(C)cc2)n1
CHEMBL3415542,26480,4.58,C#CCSc1nc(Cl)c(C#N)c(-c2ccc(CC(C)C)cc2)n1
CHEMBL3415543,21822.43333,4.66,C#CCSc1nc(Cl)c(C#N)c(-c2ccc(F)cc2)n1
CHEMBL3415545,8332.27,5.08,C#CCSc1nc(Cl)c(C#N)c(-c2ccc(Cl)cc2)n1
CHEMBL3415546,24372.70333,4.61,C#CCSc1nc(Cl)c(C#N)c(-c2ccc(F)c(F)c2)n1
CHEMBL3415547,24712.41333,4.61,C#CCSc1nc(Cl)c(C#N)c(-c2ccc(Br)cc2)n1
CHEMBL3415549,97285.36,4.01,N#Cc1c(Cl)nc(SCc2cn(Cc3ccccc3Cl)nn2)nc1-c1ccccc1
CHEMBL3415551,98438.26333,4.01,COc1cc(-c2nc(SCc3ccc(Cl)c(Cl)c3)nc(NNC(N)=S)c2C#N)cc(OC)c1OC
CHEMBL4065771,717,6.14,CCCSc1nc(Sc2ccccn2)c2nnn(CCc3cccs3)c2n1
CHEMBL4068480,758,6.12,CCCSc1nc(Sc2ccccn2)c2nnn(Cc3ccco3)c2n1
CHEMBL4069511,678,6.17,C#CCSc1nc(Sc2ccccn2)c2nnn(Cc3ccccc3)c2n1
CHEMBL4074390,960,6.02,CCCSc1nc(Sc2ccccn2)c2nnn(CC(C)C)c2n1
CHEMBL4079376,1080.715,5.97,C#CCSc1nc(NNC(N)=S)c(C#N)c(-c2ccc(C(C)C)cc2)n1
CHEMBL4087193,685,6.16,CCCSc1nc(Sc2ccccn2)c2nnn(Cc3ccccc3)c2n1
CHEMBL4089321,26482.5,4.58,C#CCSc1nc(Cl)c(C#N)c(-c2ccc(C(C)C)cc2)n1
CHEMBL4090528,564,6.25,c1ccc(CSc2nc(Sc3ccccn3)c3nnn(Cc4ccccc4)c3n2)cc1
CHEMBL4094875,1153,5.94,CCCSc1nc(Sc2ccccn2)c2nnn(C3CCCC3)c2n1
CHEMBL4095185,4883.26,5.31,C#CCSc1nc(NNC(N)=O)c(C#N)c(-c2ccc(C(C)C)cc2)n1
CHEMBL4095820,2633,5.58,CCCSc1nc(Sc2ccccn2)c2nnn(CCO)c2n1
CHEMBL4437554,124.05,6.91,FC(F)(F)Cc1cc2c(N[C@H]3CC[C@@H](N[C@@H]4C[C@H]4c4ccccc4)CC3)ncnc2s1
CHEMBL4440500,240.5,6.62,Fc1ccc([C@@H]2C[C@H]2NC2CCN(c3ncnc4sc(CC(F)(F)F)cc34)CC2)cc1F
CHEMBL4442317,211.35,6.67,FC(F)(F)Cc1cc2c(N3CCC(N[C@@H]4C[C@H]4c4ccccc4)CC3)ncnc2s1
CHEMBL4447074,187,6.73,FC(F)(F)Cc1cc2c(N[C@H]3CC[C@H](N[C@H]4C[C@@H]4c4ccccc4)CC3)ncnc2s1
CHEMBL4474185,303.35,6.52,FC(F)(F)Cc1cc2c(N[C@H]3CC[C@H](N[C@@H]4C[C@H]4c4ccccc4)CC3)ncnc2s1
CHEMBL4476120,9550,5.02,Nc1ccc(/C=C/c2ccc(O)c(-c3ncccn3)c2)cc1
CHEMBL4520948,109.35,6.96,FC(F)(F)Cc1cc2c(N[C@H]3CC[C@H](CN[C@@H]4C[C@H]4c4ccccc4)CC3)ncnc2s1
CHEMBL4526830,692.15,6.16,FC(F)(F)Cc1cc2c(N3CCC(N[C@H]4C[C@@H]4c4ccccc4)CC3)ncnc2s1
CHEMBL4530202,241.95,6.62,FC(F)(F)Cc1cc2c(N[C@H]3CC[C@@H](N[C@H]4C[C@@H]4c4ccccc4)CC3)ncnc2s1
CHEMBL4533143,66.13,7.18,Fc1ccc([C@@H]2C[C@H]2N[C@H]2CC[C@@H](Nc3ncnc4sc(CC(F)(F)F)cc34)CC2)cc1F
CHEMBL4550942,184.15,6.73,FC(F)(F)Cc1cc2c(N[C@H]3CC[C@H](CN[C@H]4C[C@@H]4c4ccccc4)CC3)ncnc2s1
CHEMBL4558443,359.7,6.44,Fc1ccc([C@@H]2C[C@H]2NC[C@H]2CC[C@H](Nc3ncnc4sc(CC(F)(F)F)cc34)CC2)cc1F
CHEMBL4566525,920,6.04,N/C(=N\O)c1ccc(/C=C/c2ccc(O)c(-c3ncccn3)c2)cc1
CHEMBL4569986,61.04,7.21,FC(F)(F)Cc1cc2c(N3CCC(CN[C@H]4C[C@@H]4c4ccccc4)CC3)ncnc2s1
CHEMBL4573261,859,6.07,Nc1cccc(/C=C/c2ccc(O)c(-c3ncccn3)c2)c1
CHEMBL4580675,84.38,7.07,FC(F)(F)Cc1cc2c(N3CCC(CN[C@@H]4C[C@H]4c4ccccc4)CC3)ncnc2s1
CHEMBL4583548,1290,5.89,N/C(=N\O)c1cccc(/C=C/c2ccc(O)c(-c3ncccn3)c2)c1
CHEMBL4589914,146.35,6.83,Fc1ccc([C@@H]2C[C@H]2N[C@H]2CC[C@H](Nc3ncnc4sc(CC(F)(F)F)cc34)CC2)cc1F
CHEMBL4593261,252.33,6.6,Fc1ccc([C@@H]2C[C@H]2NCC2CCN(c3ncnc4sc(CC(F)(F)F)cc34)CC2)cc1F
CHEMBL3758284,9100,5.04,N#Cc1ccc(-c2ncc(OCC3CCNCC3)nc2-c2ccc(C#N)cc2)cc1
CHEMBL3758396,540,6.27,N#Cc1ccc(-c2nc(OCC3CCNCC3)cnc2-c2ccc(Br)cc2)cc1
CHEMBL3758664,26200,4.58,Brc1ccc(-c2ncc(OCC3CCNCC3)nc2-c2ccc(Br)cc2)cc1
CHEMBL3758833,32200,4.49,Cc1ccc(-c2ncc(OCC3CCNCC3)nc2-c2ccc(C)cc2)cc1
CHEMBL3758933,16500,4.78,N#Cc1ccc(-c2ncc(OCC3CCNCC3)nc2-c2ccc(Br)cc2)cc1
CHEMBL3759840,47800,4.32,c1ccc(-c2ncc(OCC3CCNCC3)nc2-c2ccccc2)cc1
CHEMBL4089024,557,6.25,Cc1cc(NNC(=O)c2cnccn2)n2nc(SCc3nc4ccccc4[nH]3)nc2n1
CHEMBL4099019,1190,5.92,Cc1cc(NNC(=O)c2cnccn2)n2nc(SCc3ccccc3)nc2n1
CHEMBL3134377,258.5,6.59,Cc1ccc(-c2ncc(OC[C@@H]3CCNC3)cc2-c2ccc(C#N)cc2)cc1
CHEMBL3216845,100,7,CN(C)[C@@H]1CCN(CCN[C@H]2C[C@@H]2c2ccccc2)C1.Cl.Cl
CHEMBL3651574,221,6.66,CN(C)[C@H]1CCN(C(=O)CN[C@H]2C[C@@H]2c2ccccc2)C1
CHEMBL3651575,118,6.93,CN(C)[C@@H]1CCN(C(=O)CN[C@H]2C[C@@H]2c2ccccc2)C1
CHEMBL3651576,9,8.05,N[C@H]1CCN(C(=O)CN[C@H]2C[C@@H]2c2ccccc2)C1
CHEMBL3651577,134.5,6.87,O=C(CN[C@H]1C[C@@H]1c1ccccc1)N[C@H]1CCNC1
CHEMBL4063365,3325,5.48,COc1ccc([C@@H]2CN(C(=O)C[C@H]3CC[C@@H](N)CC3)C[C@H]2c2ccc(C#N)cc2)cn1
CHEMBL4065043,4000,5.4,N#Cc1ccc(-n2nc(C(=O)N3CCC[C@@H](N)C3)cc2OC[C@@H]2CCC(=O)N2)cc1
CHEMBL4066130,129,6.89,Cn1ncc2cc([C@@H]3CN(C(=O)[C@H]4CC[C@H](CN)CC4)C[C@H]3c3ccc(C#N)cc3)ccc21
CHEMBL4069461,430,6.37,Cc1cc(COc2cc(C(=O)N3C[C@@H]4CCCN[C@@H]4C3)nn2-c2ccc(C#N)cc2)on1
CHEMBL4071991,39.5,7.4,Cc1ccc([C@@H]2CN(C(=O)[C@H]3CC[C@H](CN)CC3)C[C@H]2c2ccc(C#N)cc2)cc1
CHEMBL4074334,91.5,7.04,Cc1cc(COc2cc(C(=O)N3CC[C@H](N)C3)nn2-c2ccc(C#N)cc2)on1
CHEMBL4074738,1685,5.77,Cn1ncc2cc([C@@H]3CN(C(=O)[C@H]4CC[C@@H](N)CC4)C[C@H]3c3ccc(C#N)cc3)ccc21
CHEMBL4077739,384.5,6.42,Cc1cc(COc2cc(C(=O)N3C[C@H]4CCCN[C@H]4C3)nn2-c2ccc(C#N)cc2)on1
CHEMBL4078362,9800,5.01,Cc1ccc(S(=O)(=O)N(CC(=O)N2CC[C@@H](N)C2)c2ccc(C#N)cc2)cc1
CHEMBL4079770,870,6.06,CNC[C@H]1CC[C@H](C(=O)N2C[C@@H](c3ccc(C#N)cc3)[C@H](c3ccc4c(cnn4C)c3)C2)CC1
CHEMBL4079847,1715,5.77,Cc1ccc([C@@H]2CN(C(=O)[C@@H]3CCC[C@@H](N)C3)C[C@H]2c2ccc(C#N)cc2)cc1
CHEMBL4082476,470,6.33,Cc1ccc([C@@H]2CN(C(=O)C[C@H]3CC[C@H](N)CC3)C[C@H]2c2ccc(C#N)cc2)cc1
CHEMBL4083030,7750,5.11,Cc1ccc(S(=O)(=O)N(CC(=O)N2C[C@@H]3C[C@H]2CN3)c2ccc(C#N)cc2)cc1
CHEMBL4084845,115.3333333,6.94,Cc1ccc(-c2ncc(OC[C@H]3CCNC3)cc2-c2ccc(C#N)cc2)cc1
CHEMBL4085006,5350,5.27,COc1ccc([C@@H]2CN(C(=O)CC3CCCNC3)C[C@H]2c2ccc(C#N)cc2)cn1
CHEMBL4087724,340,6.47,Cc1ccc([C@@H]2CN(C(=O)CC3CCCNC3)C[C@H]2c2ccc(C#N)cc2)cc1
CHEMBL4092760,179,6.75,CNC[C@H]1CC[C@H](C(=O)N2C[C@@H](c3ccc(C)cc3)[C@H](c3ccc(C#N)cc3)C2)CC1
CHEMBL4093703,3200,5.49,Cn1ncc2cc([C@@H]3CN(C(=O)c4ccc(CN)cc4)C[C@H]3c3ccc(C#N)cc3)ccc21
CHEMBL4096682,670,6.17,CCN(CC)C1CCN(C(=O)c2cc(OCc3cc(C)no3)n(-c3ccc(C#N)cc3)n2)C1
CHEMBL4097870,2405,5.62,Cc1ccc([C@@H]2CN(C(=O)C3CCNCC3)C[C@H]2c2ccc(C#N)cc2)cc1
CHEMBL4100451,2375,5.62,N#Cc1ccc(-n2nc(C(=O)N3CCC[C@@H](N)C3)cc2OC[C@H]2CCC(=O)N2)cc1
CHEMBL4100487,370.5,6.43,Cc1ccc([C@@H]2CN(C(=O)C[C@H]3CC[C@@H](N)CC3)C[C@H]2c2ccc(C#N)cc2)cc1
CHEMBL4101077,785,6.11,Cc1cc(COc2cc(C(=O)N3CC[C@@H](N)C3)nn2-c2ccc(C#N)cc2)on1
CHEMBL4101423,3100,5.51,Cn1ncc2cc([C@@H]3CN(C(=O)[C@H]4CC[C@H](N)CC4)C[C@H]3c3ccc(C#N)cc3)ccc21
CHEMBL4102632,13700,4.86,Cc1ccc(S(=O)(=O)N(CC(=O)N2CC[C@H](N)C2)c2ccc(C#N)cc2)cc1
CHEMBL4105603,570,6.24,Cc1ccc([C@@H]2CN(C(=O)CC3CCNCC3)C[C@H]2c2ccc(C#N)cc2)cc1
CHEMBL4107618,65.5,7.18,N[C@@H]1CCN(C2CCC(N[C@H]3C[C@@H]3c3ccccc3)CC2)C1
CHEMBL4111141,128,6.89,N[C@@H]1CCN(C2CCC(N[C@H]3C[C@@H]3c3ccc(-c4cccc(C(F)(F)F)c4)cc3)CC2)C1
CHEMBL4284293,90,7.05,Cc1ccc(-c2ncc(OCC3CCNC3)cc2-c2ccc(C#N)cc2)cc1
CHEMBL4437892,78.5,7.11,COc1ccc(-n2c(-c3ccc(C#N)c(F)c3)nc(C(=O)N3CC[C@@H](N)C3)c2C)cc1F
CHEMBL4444902,7.35,8.13,CN[C@H]1CCN(C(=O)c2nc(-c3ccc(C#N)c(F)c3)n(-c3ccc4nn(C)c(Cl)c4c3)c2C)C1
CHEMBL4453520,30,7.52,Cc1c(C(=O)N2CC[C@H](N(C)C)C2)nc(-c2ccc(C#N)c(F)c2)n1-c1cc2cn(C)nc2cc1F
CHEMBL4454128,19,7.72,COc1ccc(-n2c(-c3ccc(C#N)c(F)c3)nc(C(=O)N3CC[C@H](N)C3)c2C)cc1F
CHEMBL4514358,25,7.6,Cc1c(C(=O)N2CC[C@H](N(C)C)C2)nc(-c2ccc(C#N)c(F)c2)n1-c1ccc2nn(C)cc2c1
CHEMBL4516248,36,7.44,CN[C@H]1CCN(C(=O)c2nc(-c3ccc(C#N)c(F)c3)n(-c3cc4cn(C)nc4cc3F)c2C)C1
CHEMBL4517147,28.5,7.55,Cc1c(C(=O)N2CC[C@H](N(C)C)C2)nc(-c2ccc(C#N)c(F)c2)n1-c1cc(F)c2nn(C)cc2c1
CHEMBL4548929,14.5,7.84,Cc1c(C(=O)N2CC[C@H](N)C2)nc(-c2ccc(C#N)c(F)c2)n1-c1ccc2nn(C)cc2c1
CHEMBL4560537,92,7.04,COc1ccc(-n2c(-c3ccc(C#N)c(F)c3)nc(C(=O)N[C@H]3CCNC3)c2C)cc1F
CHEMBL4588414,17200,4.76,Cc1cc(C(=O)N2CCC(Cc3cccc(C(N)=O)c3)C2)nc2[nH][nH]c(=O)c12
CHEMBL4591673,78,7.11,COc1ccc(-n2c(-c3ccc(C#N)c(F)c3)nc(C(=O)N[C@@H]3CCNC3)c2C)cc1F
CHEMBL4062785,303.5,6.52,Cc1cc(COc2cc(C(=O)N3CCC(N)CC3)nn2-c2ccc(C#N)cc2)on1
CHEMBL4063384,3100,5.51,CC(=O)N1CCc2cc(S(=O)(=O)N(CC(=O)N3CCC(N)CC3)c3ccc(C#N)cc3)ccc21
CHEMBL4064746,5100,5.29,Cc1ccc(S(=O)(=O)N(CC(=O)N2CCC(N)CC2)c2ccc(C#N)cc2)cc1
CHEMBL4073334,7750,5.11,Cc1ccc(S(=O)(=O)N(CC(=O)N2CCC(N(C)C)CC2)c2ccc(C#N)cc2)cc1
CHEMBL4079000,2600,5.59,N#Cc1ccc(N(CC(=O)N2CCC(N)CC2)Cc2ccccc2)cc1
CHEMBL4079933,500,6.3,COc1ccc(CN(CC(=O)N2CCC(N)CC2)c2ccc(C#N)cc2)cc1F
CHEMBL4083732,3850,5.41,Cc1ccc(S(=O)(=O)N(CC(=O)N2CCC(C)(N)CC2)c2ccc(C#N)cc2)cc1
CHEMBL4086227,11050,4.96,Cc1ccc(S(=O)(=O)N(CC(=O)NC2CCNCC2)c2ccc(C#N)cc2)cc1
CHEMBL4087810,865,6.06,Cc1ccc(CN(CC(=O)N2CCC(N)CC2)c2ccc(C#N)cc2)cc1
CHEMBL4097953,3700,5.43,N#Cc1ccc(N(CC(=O)N2CCC(N)CC2)Cc2ccc(C#N)c(F)c2)cc1
CHEMBL4101729,5200,5.28,CNC1CCN(C(=O)CN(c2ccc(C#N)cc2)S(=O)(=O)c2ccc(C)cc2)CC1
CHEMBL4103264,380,6.42,Cn1ncc2cc(CN(CC(=O)N3CCC(N)CC3)c3ccc(C#N)cc3)ccc21
CHEMBL4301645,24,7.62,c1ccc([C@@H]2C[C@H]2NC2CCNCC2)cc1
CHEMBL4581929,62,7.21,COc1ccc(-n2c(-c3ccc(C#N)c(F)c3)nc(C(=O)NC3CCNCC3)c2C)cc1F
CHEMBL3651571,240,6.62,O=C(CN[C@H]1C[C@@H]1c1ccccc1)NCC1CCNCC1
CHEMBL3758211,2050,5.69,N#Cc1ccc(-c2cc(OCC3CCNCC3)cnc2-c2ccccc2)cc1
CHEMBL3758340,650,6.19,Cc1ccc(-c2ncc(OCC3CCCNC3)cc2-c2ccc(C#N)cc2)cc1
CHEMBL3758402,22300,4.65,CCNCc1ccc(-c2cc(OCC3CCNCC3)cnc2-c2ccc(C)cc2)cc1
CHEMBL3758634,46,7.34,N#Cc1ccc(-c2cc(OCC3CCNCC3)cnc2-c2ccc(OC(F)(F)F)cc2)cc1
CHEMBL3758636,380,6.42,Cc1ccc(-c2ncc(OCC3CCNCC3)cc2-c2ccc(C#N)cc2)cn1
CHEMBL3758747,3200,5.49,N#Cc1ccc(-c2cc(OCC3CCNCC3)cnc2-c2cccnc2)cc1
CHEMBL3758821,570,6.24,N#Cc1ccc(-c2cc(OCC3CCNCC3)cnc2-c2ccc(F)c(F)c2)cc1
CHEMBL3758849,220,6.66,Cc1ccc(-c2ncc(OCC3CCNCC3)cc2-c2ccc(C#N)cc2F)cc1
CHEMBL3759070,1800,5.74,N#Cc1ccc(-c2cc(OCC3CCNCC3)cnc2-c2ccc(F)nc2)cc1
CHEMBL3759088,7600,5.12,Cc1ccc(-c2ncc(OCC3CCNCC3)cc2-c2ccc(CN3CCNCC3)cc2)cc1
CHEMBL3759102,88,7.06,CC(C)c1ccc(-c2ncc(OCC3CCNCC3)cc2-c2ccc(C#N)cc2)cc1
CHEMBL3759201,29,7.54,Cc1ccc(-c2ncc(OCC3CCNCC3)cc2-c2ccc(C#N)cc2)cc1
CHEMBL3759239,62,7.21,c1ccc([C@H]2C[C@@H]2NCC2CCNCC2)cc1
CHEMBL3759283,4000,5.4,N#Cc1ccc(-c2cc(OCC3CCNCC3)cnc2-c2ccc(C#N)cc2)cc1
CHEMBL3759351,150,6.82,Cc1ccc(-c2ncc(OCC3CCNCC3)cc2-c2ccc(C#N)c(F)c2)cc1
CHEMBL3759462,43800,4.36,Cc1ccc(-c2ncc(OCC3CCNCC3)cc2-c2ccc(CN3CCOCC3)cc2)cc1
CHEMBL3759472,5000,5.3,N#Cc1ccc(-c2cc(OCC3CCNCC3)cnc2-c2ccncc2)cc1
CHEMBL3759574,2400,5.62,N#Cc1ccc(-c2cc(OCC3CCNCC3)cnc2-c2ccsc2)cc1
CHEMBL3759645,4900,5.31,Cc1ccc(-c2ccc(OCC3CCNCC3)cc2-c2ccc(C#N)cc2)cc1
CHEMBL3759654,740,6.13,COc1ccc(-c2ncc(OCC3CCNCC3)cc2-c2ccc(C#N)cc2)cc1
CHEMBL3759797,58,7.24,N#Cc1ccc(-c2cc(OCC3CCNCC3)cnc2-c2ccc(C(F)(F)F)cc2)cc1
CHEMBL3759861,200,6.7,CCc1ccc(-c2ncc(OCC3CCNCC3)cc2-c2ccc(C#N)cc2)cc1
CHEMBL3759939,220,6.66,N#Cc1ccc(-c2cc(OCC3CCNCC3)cnc2-c2ccc(F)cc2)cc1
CHEMBL3760085,1200,5.92,N#Cc1ccc(-c2cc(OCC3CCNCC3)cnc2-c2ccc(F)cc2F)cc1
CHEMBL3760091,1200,5.92,Cc1ccc(-c2ncc(NCC3CCCNC3)cc2-c2ccc(C#N)cc2)cc1
CHEMBL3760120,800,6.1,Cc1cccc(-c2ncc(OCC3CCNCC3)cc2-c2ccc(C#N)cc2)c1
CHEMBL3775735,1155,5.94,O=C(O)c1ccc(CN2CCC(CN[C@H]3C[C@@H]3c3ccccc3)CC2)cc1
CHEMBL3785523,6,8.22,CN1CCC(CN[C@@H]2C[C@H]2c2ccccc2)CC1
CHEMBL3786182,597.8,6.22,O=C(O)c1ccc(CN2CCC(CN[C@@H]3C[C@H]3c3ccccc3)CC2)cc1
CHEMBL3786192,6,8.22,c1ccc(CN2CCC(CN[C@@H]3C[C@H]3c3ccccc3)CC2)cc1
CHEMBL3787230,5,8.3,c1ccc([C@@H]2C[C@H]2NCC2CCNCC2)cc1
CHEMBL4062278,1780,5.75,CN(C)C(=O)COc1cc(C(=O)N2CCC[C@@H](N)C2)nn1-c1ccc(C#N)cc1
CHEMBL4066743,178.6666667,6.75,N#Cc1ccc(-n2nc(C(=O)N3CCC[C@@H](N)C3)cc2OCC(O)C(F)(F)F)cc1
CHEMBL4066749,191,6.72,CN[C@@H]1CCCN(C(=O)c2cc(OCc3cc(C)no3)n(-c3ccc(C#N)cc3)n2)C1
CHEMBL4068129,200,6.7,Cc1ccc(CN(CC(=O)N2CCC(CN)CC2)c2ccc(C#N)cc2)cc1
CHEMBL4070901,17700,4.75,N#Cc1ccc(-n2nc(C(=O)N3CCC[C@@H](N)C3)cc2OCC(N)=O)cc1
CHEMBL4071901,880,6.06,N#Cc1ccc(N(CC(=O)N2CCC(CN)CC2)Cc2ccc(F)cc2)cc1
CHEMBL4072551,7750,5.11,Cc1ccc(S(=O)(=O)N(CC(=O)N[C@H]2CN3CCC2CC3)c2ccc(C#N)cc2)cc1
CHEMBL4073624,855,6.07,N#Cc1ccc(-n2nc(C(=O)N3CCC[C@@H](N)C3)cc2OCC(=O)N2CCOCC2)cc1
CHEMBL4074323,50,7.3,CC(C)c1cc(COc2cc(C(=O)N3CCC[C@@H](N)C3)nn2-c2ccc(C#N)cc2)on1
CHEMBL4074550,660,6.18,N#Cc1ccc(N(CC(=O)N2CCC(CN)CC2)Cc2ccc(C(N)=O)cc2)cc1
CHEMBL4076163,685.6666667,6.16,Cc1cc(COc2cc(C(=O)N3CCC[C@@H](N)C3)nn2-c2ccc(C#N)cc2)on1
CHEMBL4077134,19800,4.7,Cn1cc2cc(N(CC(=O)N3CCC[C@@H](N)C3)S(=O)(=O)c3ccc(C#N)cc3)ccc2n1
CHEMBL4077730,238,6.62,Cc1cc(COc2cc(C(=O)N3CCC[C@@H](N)C3)nn2-c2ccc(C#N)cc2)n(C)n1
CHEMBL4079604,17300,4.76,Cc1ccc(S(=O)(=O)N(CC(=O)N2CCC[C@H](N)C2)c2ccc(C#N)cc2)cc1
CHEMBL4080173,715,6.15,Cc1cc(COc2cc(C(=O)N3CCCC(N4CCCC4)C3)nn2-c2ccc(C#N)cc2)on1
CHEMBL4082935,475,6.32,Cc1cc(COc2cc(C(=O)N3CCC(CN)CC3)nn2-c2ccc(C#N)cc2)on1
CHEMBL4083993,9950,5,CC(Oc1cc(C(=O)N2CCC[C@@H](N)C2)nn1-c1ccc(C#N)cc1)C(N)=O
CHEMBL4084823,610,6.21,COc1ccc(CN(CC(=O)N2CCC(F)(CN)CC2)c2ccc(C#N)cc2)cc1F
CHEMBL4085581,435,6.36,Cn1cnc(COc2cc(C(=O)N3CCC[C@@H](N)C3)nn2-c2ccc(C#N)cc2)n1
CHEMBL4088035,146,6.84,CC(C)(O)CCOc1cc(C(=O)N2CCC[C@@H](N)C2)nn1-c1ccc(C#N)cc1
CHEMBL4088045,116,6.94,Cc1cc(COc2cc(C(=O)N3CCC[C@H](N)C3)nn2-c2ccc(C#N)cc2)on1
CHEMBL4090735,1355,5.87,Cc1cc(COc2cc(C(=O)N3CC[C@@H](F)[C@@H](N)C3)nn2-c2ccc(C#N)cc2)on1
CHEMBL4092725,865,6.06,CC(O)COc1cc(C(=O)N2CCC[C@@H](N)C2)nn1-c1ccc(C#N)cc1
CHEMBL4093330,765,6.12,Cc1nnc(COc2cc(C(=O)N3CCC[C@@H](N)C3)nn2-c2ccc(C#N)cc2)o1
CHEMBL4093998,3800,5.42,CC(=O)N1CCc2cc(S(=O)(=O)N(CC(=O)N3CCC[C@@H](N)C3)c3ccc(C#N)cc3)ccc21
CHEMBL4095018,1456,5.84,COc1ccc(CN(CC(=O)N2CCC(CN)CC2)c2ccc(C#N)cc2)cc1F
CHEMBL4095517,345,6.46,N#Cc1ccc(N(CC(=O)N2CCC(CN)CC2)Cc2ccc(Cl)cc2)cc1
CHEMBL4095757,1460,5.84,Cn1ncnc1COc1cc(C(=O)N2CCC[C@@H](N)C2)nn1-c1ccc(C#N)cc1
CHEMBL4095768,368.5,6.43,Cc1cc(COc2cc(C(=O)N3CCCC(N(C)C)C3)nn2-c2ccc(C#N)cc2)on1
CHEMBL4097636,9200,5.04,Cc1ccc(S(=O)(=O)N(CC(=O)N2CCC[C@@H](N)C2)c2ccc(C#N)cc2)cc1
CHEMBL4098894,710,6.15,N#Cc1ccc(N(CC(=O)N2CCC(CN)CC2)Cc2cccc(C(N)=O)c2)cc1
CHEMBL4100915,857.3333333,6.07,N#Cc1ccc(-n2nc(C(=O)N3CCC[C@@H](N)C3)cc2OCc2ccccn2)cc1
CHEMBL4101011,8850,5.05,Cc1ccc(S(=O)(=O)N(CC(=O)N[C@@H]2CN3CCC2CC3)c2ccc(C#N)cc2)cc1
CHEMBL4101067,206.6666667,6.68,CCc1cc(COc2cc(C(=O)N3CCC[C@@H](N)C3)nn2-c2ccc(C#N)cc2)on1
CHEMBL4102775,261.6666667,6.58,COc1ccc(CN(CC(=O)N2CCC3(CC2)CNC3)c2ccc(C#N)cc2)cc1F
CHEMBL4103503,214.6666667,6.67,Cc1nc(COc2cc(C(=O)N3CCC[C@@H](N)C3)nn2-c2ccc(C#N)cc2)no1
CHEMBL4160042,76,7.12,Cl.c1ccc2c(c1)C[C@H]1[C@@H]2[C@@H]1NCC1CCNCC1
CHEMBL4170687,21,7.68,Cl.c1ccc2c(c1)C[C@@H]1[C@H](NCC3CCNCC3)[C@H]21
CHEMBL4437242,58800,4.23,NC(=O)c1ccc(N2CCC(Cc3nnc(CO)n3-c3ccccc3)CC2)nc1
CHEMBL4440004,36.5,7.44,COc1ccc(-n2c(-c3ccc(C#N)c(F)c3)nc(C(=O)N3CCC[C@@H](N)C3)c2C)cc1F
CHEMBL4440274,8600,5.07,Cl.O=C(/C=C/c1cccc(O)c1)Nc1cccc(OCC2CCNCC2)c1
CHEMBL4440870,55,7.26,COc1ccc(-n2c(-c3ccc(C#N)c(F)c3)nc(C(=O)N3CCC[C@H](N)C3)c2C)cc1F
CHEMBL4442428,88300,4.05,O=C(CCn1cncn1)N1CCC(C2=NN=C(c3ccccc3Cl)C2)CC1
CHEMBL4447527,14.5,7.84,COc1ccc(-n2c(-c3ccc(C#N)c(F)c3)nc(C(=O)N3CCC[C@@H](N)C3)c2C)cc1
CHEMBL4448358,15,7.82,Cc1c(C(=O)N2CCC[C@@H](N)C2)nc(-c2ccc(C#N)c(F)c2)n1-c1ccc2c(cnn2C)c1
CHEMBL4451430,13.5,7.87,COc1ccc(-n2c(-c3ccc(C#N)c(F)c3)nc(C(=O)N[C@@H]3CCCNC3)c2C)cc1F
CHEMBL4451607,7.5,8.12,Cc1c(C(=O)N2CCC[C@@H](N)C2)nc(-c2ccc(C#N)c(F)c2)n1-c1ccc2nn(C)c(Cl)c2c1
CHEMBL4451749,1800,5.74,COc1cc(/C=C/C(=O)Nc2cccc(OCC3CCNCC3)c2)ccc1O.Cl
CHEMBL4462266,1400,5.85,COc1cc(/C=C/C(=O)Nc2cccc(COc3ccc(OC4CCNCC4)cc3)c2)ccc1O.Cl
CHEMBL4465367,34.5,7.46,COc1ccc(-n2c(-c3ccc(C#N)c(F)c3)nc(C(=O)N[C@H]3CCCNC3)c2C)cc1F
CHEMBL4467448,800,6.1,Cl.O=C(/C=C/c1ccc(O)cc1)Nc1cccc(OCC2CCNCC2)c1
CHEMBL4470820,49600,4.3,Cl.O=C(/C=C/c1ccccc1O)Nc1cccc(OCC2CCNCC2)c1
CHEMBL4522607,4.5,8.35,CN[C@@H]1CCCN(C(=O)c2nc(-c3ccc(C#N)c(F)c3)n(-c3ccc4nn(C)c(Cl)c4c3)c2C)C1
CHEMBL4527219,94,7.03,COc1ccc(-n2c(-c3ccc(C#N)c(F)c3)nc(C(=O)N3CCC[C@@H](N)C3)c2C)cn1
CHEMBL4530322,69.5,7.16,Cc1c(C(=O)N2CCC[C@@H](N)C2)nc(-c2ccc(C#N)c(F)c2)n1-c1ccc(C2CC2)nc1
CHEMBL4537429,28,7.55,Cc1c(C(=O)N2CCC[C@@H](N)C2)nc(-c2ccc(C#N)c(F)c2)n1-c1ccc2nn(C)cc2c1
CHEMBL4559695,7580,5.12,O=C1C(=O)N(CN2CCC(Cc3ccccc3)CC2)c2ccc([N+](=O)[O-])cc21
CHEMBL4569059,33.5,7.47,Cc1ccc(-n2c(-c3ccc(C#N)cc3)nc(C(=O)N3CCC[C@@H](N)C3)c2C)cc1
CHEMBL4581937,33900,4.47,Cl.O=C(/C=C/c1cccc(Br)c1)Nc1cccc(OCC2CCNCC2)c1
CHEMBL4583512,2800,5.55,COc1cc(/C=C/C(=O)Nc2ccccc2COc2ccc(OC3CCNCC3)cc2)ccc1O.Cl
CHEMBL2334187,69300,4.16,Fc1ccc(Cn2cc(CSC(=S)N3CCNCC3)nn2)cc1
CHEMBL2334190,28900,4.54,Cc1ccc(Cn2cc(CSC(=S)N3CCNCC3)nn2)cc1
CHEMBL2334191,19500,4.71,COc1ccc(Cn2cc(CSC(=S)N3CCNCC3)nn2)cc1
CHEMBL2334484,32800,4.48,O=C(OCc1ccccc1)N1CCN(C(=S)SCc2cn(Cc3ccccc3F)nn2)CC1
CHEMBL2334485,47600,4.32,O=C(OCc1ccccc1)N1CCN(C(=S)SCc2cn(Cc3ccc(F)cc3)nn2)CC1
CHEMBL2334486,53200,4.27,O=C(OCc1ccccc1)N1CCN(C(=S)SCc2cn(Cc3ccccc3Cl)nn2)CC1
CHEMBL2334488,22400,4.65,Cc1ccc(Cn2cc(CSC(=S)N3CCN(C(=O)OCc4ccccc4)CC3)nn2)cc1
CHEMBL2334489,35100,4.45,COc1ccc(Cn2cc(CSC(=S)N3CCN(C(=O)OCc4ccccc4)CC3)nn2)cc1
CHEMBL2334490,29500,4.53,O=C(OCc1ccccc1)N1CCN(C(=S)SCc2cn(Cc3ccc(Cl)c(Cl)c3)nn2)CC1
CHEMBL2334491,43500,4.36,COc1cc(Cn2cc(CSC(=S)N3CCN(C(=O)OCc4ccccc4)CC3)nn2)cc(OC)c1OC
CHEMBL2334496,390,6.41,CC(C)(C)OC(=O)N1CCN(C(=S)SCc2cn(Cc3cc(=O)oc4cc(O)ccc34)nn2)CC1
CHEMBL2334497,8000,5.1,CC(C)(C)OC(=O)N1CCN(C(=S)SCc2cn(Cc3ccccc3F)nn2)CC1
CHEMBL2334498,21600,4.67,CC(C)(C)OC(=O)N1CCN(C(=S)SCc2cn(Cc3ccc(F)cc3)nn2)CC1
CHEMBL2334499,11500,4.94,CC(C)(C)OC(=O)N1CCN(C(=S)SCc2cn(Cc3ccccc3Cl)nn2)CC1
CHEMBL2334500,56500,4.25,CC(C)(C)OC(=O)N1CCN(C(=S)SCc2cn(Cc3ccc(Cl)cc3)nn2)CC1
CHEMBL2334501,1516.666667,5.82,Cc1ccc(Cn2cc(CSC(=S)N3CCN(C(=O)OC(C)(C)C)CC3)nn2)cc1
CHEMBL2334502,18400,4.74,COc1ccc(Cn2cc(CSC(=S)N3CCN(C(=O)OC(C)(C)C)CC3)nn2)cc1
CHEMBL2334503,88900,4.05,CC(C)(C)OC(=O)N1CCN(C(=S)SCc2cn(Cc3ccc(Cl)c(Cl)c3)nn2)CC1
CHEMBL2334504,19000,4.72,COc1cc(Cn2cc(CSC(=S)N3CCN(C(=O)OC(C)(C)C)CC3)nn2)cc(OC)c1OC
CHEMBL2334505,17300,4.76,Fc1ccccc1Cn1cc(CSC(=S)N2CCNCC2)nn1
CHEMBL2440532,43300,4.36,Cc1cccc(Cn2cc(CSC(=S)N3CCN(C(=O)OC(C)(C)C)CC3)nn2)c1
CHEMBL2440536,27500,4.56,CC(C)(C)OC(=O)N1CCN(C(=S)SCc2cn(Cc3ccccc3Br)nn2)CC1
CHEMBL2440537,70700,4.15,CC(C)(C)OC(=O)N1CCN(C(=S)SCc2cn(Cc3ccc(O)cc3)nn2)CC1
CHEMBL2440538,69200,4.16,CC(C)(C)OC(=O)N1CCN(C(=S)SCc2cn(Cc3ccccc3O)nn2)CC1
CHEMBL2440540,77100,4.11,CC(C)(C)OC(=O)N1CCN(C(=S)SCc2cn(Cc3cccc(O)c3)nn2)CC1
CHEMBL2440541,81300,4.09,CC(C)(C)OC(=O)N1CCN(C(=S)SCc2cn(Cc3ccc(O)cc3O)nn2)CC1
CHEMBL2440542,51200,4.29,CC(C)(C)OC(=O)N1CCN(C(=S)SCc2cn(Cc3c(F)cccc3F)nn2)CC1
CHEMBL2440559,83400,4.08,Cc1ccc(Cn2cc(CSC(=S)N3CCN(CCO)CC3)nn2)cc1
CHEMBL2440562,40300,4.39,Cc1ccc(Cn2cc(CSC(=S)N3CCN(c4ccccc4)CC3)nn2)cc1
CHEMBL2440568,35700,4.45,Cc1ccc(Cn2cc(CSC(=S)N3CCN(S(C)(=O)=O)CC3)nn2)cc1
CHEMBL2440569,45700,4.34,CS(=O)(=O)N1CCN(C(=S)SCc2cn(Cc3ccccc3F)nn2)CC1
CHEMBL2440570,55100,4.26,CS(=O)(=O)N1CCN(C(=S)SCc2cn(Cc3ccc(F)cc3)nn2)CC1
CHEMBL2440571,87400,4.06,FC(F)(F)c1ccc(Cn2cc(CSC(=S)N3CCNCC3)nn2)cc1
CHEMBL2440573,17000,4.77,CCOC(=O)N1CCN(C(=S)SCc2cn(Cc3ccc(C)cc3)nn2)CC1
CHEMBL2440574,15000,4.82,Cc1ccc(Cn2cc(CSC(=S)N3CCN(C(=O)OC(C)C)CC3)nn2)cc1
CHEMBL2440575,30200,4.52,CC(=O)N1CCN(C(=S)SCc2cn(Cc3ccccc3F)nn2)CC1
CHEMBL2440576,47100,4.33,CC(=O)N1CCN(C(=S)SCc2cn(Cc3ccc(F)cc3)nn2)CC1
CHEMBL2440577,25300,4.6,CC(=O)N1CCN(C(=S)SCc2cn(Cc3ccc(C)cc3)nn2)CC1
CHEMBL3133841,3000,5.52,CC(C)(C)OC(=O)N1CCN(C(=S)SCc2cn(Cc3cc(=O)oc4cc(O)cc(O)c34)nn2)CC1
CHEMBL3133842,830,6.08,CC(C)(C)OC(=O)N1CCN(C(=S)SCc2cn(Cc3cc(=O)oc4c(O)c(O)ccc34)nn2)CC1
CHEMBL3133843,810,6.09,COc1ccc2c(Cn3cc(CSC(=S)N4CCN(C(=O)OC(C)(C)C)CC4)nn3)cc(=O)oc2c1
CHEMBL3133846,670,6.17,CC(C)(C)OC(=O)N1CCN(C(=S)SCc2cn(Cc3cc(=O)oc4cc(Cl)ccc34)nn2)CC1
CHEMBL3133848,84200,4.07,CC(C)(C)OC(=O)N1CCN(C(=S)SCc2cn(Cc3cc(=O)oc4cc(F)ccc34)nn2)CC1
CHEMBL3133849,10330,4.99,CC(C)(C)OC(=O)N1CCN(C(=S)SCc2cn(Cc3cc(=O)oc4ccccc34)nn2)CC1
CHEMBL3133850,530,6.28,CC(C)(C)OC(=O)N1CCN(C(=S)SCc2cn(Cc3cc(=O)oc4cc(N)ccc34)nn2)CC1
CHEMBL3133851,710,6.15,Cc1ccc2c(Cn3cc(CSC(=S)N4CCN(C(=O)OC(C)(C)C)CC4)nn3)cc(=O)oc2c1
CHEMBL3805659,3180,5.5,C[C@]12CC[C@H]3[C@@H](CC=C4C[C@@H](OC(=O)Cn5cc(CN6C(=O)C(=O)c7c(Cl)ccc(Cl)c76)nn5)CC[C@@]43C)[C@@H]1CCC2=O
CHEMBL1192435,882.3,6.05,Cc1cc(NN)n2nc(SCc3ccccc3)nc2n1
CHEMBL4098092,154,6.81,Cc1cc(NNC(N)=S)n2nc(SCc3ccccc3)nc2n1
CHEMBL4439177,17620,4.75,Cc1cc(NN)n2nc(SCC(=O)c3ccccc3)nc2n1
CHEMBL4440289,6160,5.21,Cc1ccc(CSc2nc3nc(C)cc(NN)n3n2)cc1
CHEMBL4440877,17380,4.76,COc1ccc(CSc2nc3nc(C)cc(Nc4ccc(N5CCN(C)CC5)cc4)n3n2)cc1
CHEMBL4441879,32560,4.49,Cc1cc(Nc2ccc(N3CCN(C)CC3)cc2)n2nc(SCc3ccc([N+](=O)[O-])cc3)nc2n1
CHEMBL4443596,8130,5.09,Cc1cc(NN)n2nc(SCc3ccc(F)cc3)nc2n1
CHEMBL4443696,31350,4.5,Cc1cc(Nc2ccc(N3CCN(C)CC3)cc2)n2ncnc2n1
CHEMBL4447157,12390,4.91,Cc1cc(Nc2ccc(N3CCN(C)CC3)cc2)n2nc(SCc3ccccc3)nc2n1
CHEMBL4450207,21200,4.67,Cc1cc(Nc2ccc(N3CCN(C)CC3)cc2)n2nc(SCc3ccc(Cl)c(F)c3)nc2n1
CHEMBL4453101,14840,4.83,C#CCSc1nc2nc(C)cc(Nc3ccc(N4CCN(C)CC4)cc3)n2n1
CHEMBL4454841,25130,4.6,Cc1cc(NN)n2nc(SCCCc3ccccc3)nc2n1
CHEMBL4455265,2320,5.63,Cc1cc(NN)n2nc(SCc3ccc(C(F)(F)F)cc3)nc2n1
CHEMBL4456364,25780,4.59,Cc1ccc(CSc2nc3nc(C)cc(Nc4ccc(N5CCN(C)CC5)cc4)n3n2)cc1
CHEMBL4457116,8210,5.09,C=CCSc1nc2nc(C)cc(NN)n2n1
CHEMBL4457136,38130,4.42,CCc1cc(Nc2ccc(N3CCN(C)CC3)cc2)n2ncnc2n1
CHEMBL4458155,16170,4.79,Cc1cc(Nc2ccc(N3CCN(C)CC3)cc2)n2nc(SCc3csc4ccc(Cl)cc34)nc2n1
CHEMBL4458218,28130,4.55,Cc1cc(Nc2ccc(N3CCN(C)CC3)cc2)n2nc(SCCc3ccccc3)nc2n1
CHEMBL4458673,23090,4.64,Cc1cc(Nc2ccc(N3CCN(C)CC3)cc2)n2nc(SCc3ccc(Br)cc3)nc2n1
CHEMBL4463374,14250,4.85,Cc1cc(Nc2ccc(N3CCN(C)CC3)cc2)n2nc(SCc3ccc(C(F)(F)F)cc3)nc2n1
CHEMBL4465369,19850,4.7,Cc1cc(Nc2ccc(N3CCN(C)CC3)cc2)n2nc(SCc3c(Cl)cccc3Cl)nc2n1
CHEMBL4469312,15340,4.81,COc1ccc(CSc2nc3nc(C)cc(NN)n3n2)cc1
CHEMBL4470036,22520,4.65,CC(C)c1cc(NN)n2nc(SCc3ccccc3)nc2n1
CHEMBL4475385,1720,5.76,Cc1cc(Nc2ccc(N3CCN(C)CC3)cc2)n2nc(SCc3nc4ccccc4[nH]3)nc2n1
CHEMBL4517933,29240,4.53,Cc1cc(Nc2ccc(N3CCN(C)CC3)cc2)n2nc(SCc3cccc(Br)c3)nc2n1
CHEMBL4527031,5130,5.29,C#CCSc1nc2nc(C)cc(NN)n2n1
CHEMBL4528872,24420,4.61,Cc1cc(Nc2ccc(N3CCN(C)CC3)cc2)n2nc(SCC3CCCCC3)nc2n1
CHEMBL4528937,21150,4.67,Cc1cc(NN)n2nc(SCc3cccc(C(F)(F)F)c3)nc2n1
CHEMBL4529482,1610,5.79,Cc1cc(NN)n2nc(SCc3csc4ccc(Cl)cc34)nc2n1
CHEMBL4531211,12410,4.91,Cc1cc(NN)n2nc(SCc3ccc([N+](=O)[O-])cc3)nc2n1
CHEMBL4532083,18510,4.73,Cc1cc(Nc2ccc(N3CCN(C)CC3)cc2)n2nc(SCc3ccc(F)cc3)nc2n1
CHEMBL4539390,13120,4.88,Cc1cc(NN)n2nc(SCc3ccccc3C(F)(F)F)nc2n1
CHEMBL4540419,28430,4.55,CCCSc1nc2nc(C)cc(Nc3ccc(N4CCN(C)CC4)cc3)n2n1
CHEMBL4542043,20850,4.68,Cc1cc(Nc2ccc(N3CCN(C)CC3)cc2)n2nc(SCc3ccccc3Br)nc2n1
CHEMBL4549417,18960,4.72,Cc1cc(NN)n2nc(SCC3CC3)nc2n1
CHEMBL4558220,25810,4.59,CCCSc1nc2nc(C)cc(NN)n2n1
CHEMBL4565848,25750,4.59,Cc1cc(Nc2ccc(N3CCN(C)CC3)cc2)n2nc(SCc3ccc(F)c(Cl)c3)nc2n1
CHEMBL4572016,5870,5.23,Cc1cc(NN)n2nc(SCc3ccc(Cl)cc3)nc2n1
CHEMBL4573606,30140,4.52,C=CCSc1nc2nc(C)cc(Nc3ccc(N4CCN(C)CC4)cc3)n2n1
CHEMBL4576096,19350,4.71,Cc1cc(NN)n2nc(SCc3c(Cl)cccc3Cl)nc2n1
CHEMBL4577831,22860,4.64,Cc1cc(Nc2ccc(N3CCN(C)CC3)cc2)n2nc(SCc3ccc(Cl)cc3)nc2n1
CHEMBL4578722,11210,4.95,Cc1cc(NN)n2nc(SCc3ccccc3Br)nc2n1
CHEMBL4589741,25740,4.59,NNc1c2c(nc3nc(SCc4ccccc4)nn13)CCC2
CHEMBL4590790,15630,4.81,Cc1cc(NN)n2nc(SCCc3ccccc3)nc2n1
CHEMBL3134309,9500,5.02,CSCCc1nc(-c2cccc(NC(=N)N)c2)oc1C
CHEMBL3785551,10100,5,CSCCc1nc(-c2cc(N)ccc2Cl)oc1C